plasmid_ID	start	end	AR_gene
p_1004	4775	5614	BlaZ_Bla
p_1005	2796	3328	AadB_AGly
p_1006	18981	19880	MphC_MLS
p_1006	17432	18882	MsrA_MLS
p_1013	994	1725	ErmC_MLS
p_1014	3134	4690	VgaA_MLS
p_1015	4865	5704	BlaZ_Bla
p_1016	3651	4958	TetK_Tet
p_1037	820	1656	BlaZ_Bla
p_1038	3523	4886	TetK_Tet
p_1044	6332	6889	AacAad_AGly
p_1046	519	1159	CatA_Phe
p_1049	12557	13915	TetK_Tet
p_1050	3120	4481	TetK_Tet
p_1051	21894	22662	AadD_AGly
p_1052	26587	27424	BlaZ_Bla
p_1053	2756	3395	CatA_Phe
p_1058	1164	1897	ErmC_MLS
p_1061	772	1416	CatA_Phe
p_1061	23192	24558	TetK_Tet
p_1061	2850	3689	BlaZ_Bla
p_1063	9178	10076	MphC_MLS
p_1063	10174	11631	MsrA_MLS
p_1066	5	1314	TetK_Tet
p_1067	11874	12772	MphC_MLS
p_1067	10318	11775	MsrA_MLS
p_1071	361	1003	CatA_Phe
p_1072	2276	3827	VgaA_MLS
p_1082	23015	23849	StrB_AGly
p_1082	22220	23015	StrA_AGly
p_1087	100558	101391	StrB_AGly
p_1087	91696	92505	SulII_Sul
p_1087	101391	102191	StrA_AGly
p_1092	24756	25662	Ant6-Ia_AGly
p_1092	23341	24130	Aph3-III_AGly
p_1092	24222	24759	Sat4A_AGly
p_1092	28808	29520	ErmB_MLS
p_1099	2441	3347	Ant6-Ia_AGly
p_1099	3974	4766	Aph3-III_AGly
p_1099	36997	37731	ErmB_MLS
p_1099	3344	3881	Sat4A_AGly
p_1101	1096	1742	CatA9_Phe
p_1109	6	731	ErmC_MLS
p_1112	29360	30686	TetL_Tet
p_1118	16869	17705	BlaZ_Bla
p_1119	10342	11763	Aac6-Aph2_AGly
p_1133	27969	28738	AadD_AGly
p_1133	21645	22378	ErmY_MLS
p_1133	24152	25611	MsrA_MLS
p_1133	22913	23812	MphC_MLS
p_1133	29315	30677	TetL_Tet
p_113	160295	160901	VanX-M_Gly
p_113	158313	159276	VanH-Pt_Gly
p_113	156286	156977	VanR-A_Gly
p_113	156955	158101	VanS-A_Gly
p_113	161328	162233	VanY-A_Gly
p_113	177398	178823	Aac6-Aph2_AGly
p_113	159269	160289	VanA_Gly
p_1140	2942	3587	CatA_Phe
p_1141	15926	16696	AadD_AGly
p_1141	20468	21305	BlaZ_Bla
p_1143	3743	4634	MphC_MLS
p_1143	205	965	AadD_AGly
p_1143	2208	3645	MsrA_MLS
p_1146	14995	15765	AadD_AGly
p_1146	12669	13302	Far1_Fcd
p_1146	1696	3243	VgaA_MLS
p_114	15500	16270	AadD_AGly
p_1154	731	1463	ErmC_MLS
p_115	1860	3224	TetK_Tet
p_1167	1403	2134	ErmC_MLS
p_1168	27202	27972	AadD_AGly
p_1171	16940	17708	AadD_AGly
p_1182	6840	7610	AadD_AGly
p_1183	16398	17187	Aph3-III_AGly
p_1183	17280	17818	Sat4A_AGly
p_1186	1680	2409	ErmC_MLS
p_1191	2896	3538	CatA_Phe
p_1197	1829	3195	TetK_Tet
p_1199	9832	10730	MphC_MLS
p_1199	10828	12284	MsrA_MLS
p_1200	2474	3839	TetK_Tet
p_1210	4750	5283	AadB_AGly
p_1212	2795	3979	Tet-39_Tet
p_1213	1103	2287	Tet-39_Tet
p_1214	2559	3204	CatA_Phe
p_1219	52	780	ErmC_MLS
p_1220	1089	1816	ErmC_MLS
p_1222	9309	10148	BlaZ_Bla
p_122	16763	17600	BlaZ_Bla
p_1232	1706	2436	ErmC_MLS
p_1265	664	1308	CatA_Phe
p_1277	9996	10901	Ant6-Ia_AGly
p_1277	14015	14805	Aph3-III_AGly
p_1277	15549	16283	ErmB_MLS
p_1277	205976	207400	Aac6-Aph2_AGly
p_1278	13719	15085	TetK_Tet
p_1280	1054	1895	BlaZ_Bla
p_1288	2907	4267	TetK_Tet
p_1291	11013	12451	Aac6-Aph2_AGly
p_1298	1328	2059	ErmC_MLS
p_1299	645	1376	ErmC_MLS
p_1300	11451	12879	Aac6-Aph2_AGly
p_1301	15977	17405	Aac6-Aph2_AGly
p_1307	36354	37120	AadD_AGly
p_1307	41330	41964	Far1_Fcd
p_1307	34661	36023	TetL_Tet
p_1307	33635	34361	ErmC_MLS
p_1310	44382	45216	StrB_AGly
p_1310	46572	47428	TEM-1D_Bla
p_1310	43581	44382	StrA_AGly
p_1310	42708	43520	SulII_Sul
p_1311	60289	60822	AadB_AGly
p_1313	24555	25414	SHV-OKP-LEN_Bla
p_1313	105099	106001	MphA_MLS
p_1315	19227	19995	AadD_AGly
p_1316	650	2201	VgaA_MLS
p_1341	1735	2429	ErmC_MLS
p_1345	1367	2270	MphA_MLS
p_1345	86639	87473	SulI_Sul
p_1345	67221	68046	OXA-1_Bla
p_1345	13913	14723	SulII_Sul
p_1345	68182	68812	CatBx_Phe
p_1345	68896	69345	Arr_Rif
p_1345	13053	13852	StrA_AGly
p_1345	12224	13053	StrB_AGly
p_1345	6355	7527	TetD_Tet
p_1345	69905	70740	SulI_Sul
p_1345	4026	4493	DfrA5_Tmt
p_1345	83944	85068	DHA_Bla
p_1345	66583	67092	AacAad_AGly
p_1345	79270	79900	QnrB_Flq
p_134	14072	14635	AacAad_AGly
p_1354	1783	2424	CatA_Phe
p_1359	2381	3927	VgaA_MLS
p_1360	2350	3713	TetK_Tet
p_1361	23141	23975	BlaZ_Bla
p_1371	3727	4258	AadB_AGly
p_1376	2478	3039	AacAad_AGly
p_1379	16912	17810	MphC_MLS
p_1379	17907	19363	MsrA_MLS
p_1385	1764	2449	ErmC_MLS
p_1387	6236	7005	AadD_AGly
p_1387	19717	21144	Aac6-Aph2_AGly
p_1387	2802	4168	TetK_Tet
p_1387	8109	8590	LnuA_MLS
p_138	15021	15918	MphC_MLS
p_138	16016	17470	MsrA_MLS
p_1394	22910	24828	TetS_Tet
p_1394	14606	15250	CatA_Phe
p_1394	28538	29966	Aac6-Aph2_AGly
p_1394	46948	47682	ErmB_MLS
p_1395	4191	4961	AadD_AGly
p_1395	20824	22252	Aac6-Aph2_AGly
p_1396	2	642	CatA_Phe
p_139	18482	19252	AadD_AGly
p_139	15053	16416	TetK_Tet
p_139	554	1037	LnuA_MLS
p_1402	12829	14249	Aac6-Aph2_AGly
p_1404	10850	12300	MsrA_MLS
p_1407	10863	11719	TEM-1D_Bla
p_1407	125280	126105	OXA-1_Bla
p_1407	12951	13603	Qnr-S_Flq
p_1407	124634	125150	AacAad_AGly
p_1407	7187	8053	CTX-M-1_Bla
p_1407	118116	118764	CatA1_Phe
p_1407	1237	2070	Aac3-IIa_AGly
p_1416	36251	37434	Tet-39_Tet
p_1416	9089	10270	Tet-39_Tet
p_1416	22628	23810	Tet-39_Tet
p_1417	4839	6023	Tet-39_Tet
p_1418	4356	5913	VgaA_MLS
p_1421	19727	20496	AadD_AGly
p_1421	18023	19394	TetL_Tet
p_1421	24748	25382	Far1_Fcd
p_1421	16988	17720	ErmC_MLS
p_1422	1	1363	TetK_Tet
p_1423	59563	60217	Qnr-S_Flq
p_1423	73414	74240	OXA-1_Bla
p_1423	71123	71981	Aac3-IIa_AGly
p_1423	61453	62309	TEM-1D_Bla
p_1423	74370	74887	AacAad_AGly
p_1423	72736	73281	CatBx_Phe
p_1423	65119	65989	CTX-M-1_Bla
p_1423	80776	81428	CatA1_Phe
p_142	1306	2037	ErmC_MLS
p_1445	3060	4609	VgaA_MLS
p_1449	3635	4276	CatA_Phe
p_144	1918	3285	TetK_Tet
p_1450	11318	12501	Tet-39_Tet
p_1459	3490	4855	TetK_Tet
p_145	1788	2686	MphC_MLS
p_145	244	1692	MsrA_MLS
p_1466	749	1476	ErmC_MLS
p_1477	3321	4228	Ant6-Ia_AGly
p_1477	11621	12989	TetL_Tet
p_1477	925	1713	Aph3-III_AGly
p_1488	1372	2103	ErmC_MLS
p_1489	1628	2359	ErmC_MLS
p_148	3590	4943	TetK_Tet
p_1493	1522	2253	ErmC_MLS
p_1498	3152	4521	TetK_Tet
p_1498	6080	7446	TetK_Tet
p_149	478628	479773	VanS-A_Gly
p_149	477956	478648	VanR-A_Gly
p_1501	1948	2586	CatA_Phe
p_1503	697	1179	LnuA_MLS
p_1504	4375	5016	CatA_Phe
p_1504	6901	8321	Aac6-Aph2_AGly
p_1506	19373	20272	MphC_MLS
p_1506	20371	21828	MsrA_MLS
p_1508	803	1286	LnuA_MLS
p_1510	1837	3202	TetK_Tet
p_1515	15819	16352	AadB_AGly
p_1515	28528	29366	SulI_Sul
p_1515	20661	21475	Aph3''Ia_AGly
p_1515	53536	54725	TetC_Tet
p_1522	1572	2305	ErmC_MLS
p_152	2134	3499	TetK_Tet
p_152	4651	6012	TetK_Tet
p_153	227	704	LnuA_MLS
p_1544	1018	2384	TetK_Tet
p_1553	1511	2155	CatA_Phe
p_155	286	1839	VgaA_MLS
p_1564	6642	7403	AadD_AGly
p_1564	9440	10795	TetK_Tet
p_1564	5078	5553	LnuA_MLS
p_1574	18318	19086	AadD_AGly
p_1574	3735	5162	Aac6-Aph2_AGly
p_1574	22792	23521	ErmC_MLS
p_1574	14892	16254	TetK_Tet
p_1574	20187	20669	LnuA_MLS
p_1578	63901	64531	CatBx_Phe
p_1578	65626	66461	SulI_Sul
p_1578	82530	83365	SulI_Sul
p_1578	62300	62815	AacAad_AGly
p_1578	9627	10437	SulII_Sul
p_1578	8766	9566	StrA_AGly
p_1578	88633	89532	MphA_MLS
p_1578	64616	65065	Arr_Rif
p_1578	62945	63769	OXA-1_Bla
p_1578	75104	75745	QnrB_Flq
p_1578	7938	8766	StrB_AGly
p_1578	79833	80960	DHA_Bla
p_1578	2098	3268	TetD_Tet
p_1588	20732	22156	Aac6-Aph2_AGly
p_1589	467	1197	ErmC_MLS
p_1592	416	1963	VgaA_MLS
p_1596	501	982	LnuA_MLS
p_1608	6575	7345	AadD_AGly
p_1608	11057	11787	ErmC_MLS
p_1608	23491	24915	Aac6-Aph2_AGly
p_1608	8445	8928	LnuA_MLS
p_1608	3156	4514	TetK_Tet
p_1610	274	1004	ErmC_MLS
p_1613	2752	4118	TetK_Tet
p_1621	1902	3260	TetK_Tet
p_1628	2051	3596	VgaA_MLS
p_1631	6521	7290	AadD_AGly
p_1633	27244	28141	MphC_MLS
p_1636	34250	34982	ErmB_MLS
p_1637	276	1631	TetK_Tet
p_1638	18256	19154	MphC_MLS
p_1638	19253	20710	MsrA_MLS
p_1639	3192	4557	TetK_Tet
p_1650	1766	2444	ErmC_MLS
p_1654	17852	19189	TetL_Tet
p_1667	13447	14217	AadD_AGly
p_1667	5241	5884	CatA_Phe
p_1667	20802	22257	MsrA_MLS
p_1667	8233	9657	Aac6-Aph2_AGly
p_1667	15962	16801	BlaZ_Bla
p_1668	23716	24483	AadD_AGly
p_167	2177	2908	ErmC_MLS
p_1680	521	1244	ErmC_MLS
p_1680	2814	3455	CatA_Phe
p_1684	6932	7768	BlaZ_Bla
p_1685	1412	2143	ErmC_MLS
p_1686	3246	4612	TetK_Tet
p_1687	12907	13380	DfrA1_Tmt
p_1687	184283	184779	DfrA_Tmt
p_1687	14756	15411	Qnr-S_Flq
p_1687	170906	171741	StrB_AGly
p_1687	170105	170906	StrA_AGly
p_1687	176122	176993	CTX-M-1_Bla
p_1687	10486	11756	TetA_Tet
p_1687	194995	195832	SulI_Sul
p_1687	169233	170044	SulII_Sul
p_1687	172457	173313	TEM-1D_Bla
p_1687	183090	183867	AadA_AGly
p_1687	187556	188198	QnrB_Flq
p_1687	192290	193422	DHA_Bla
p_1700	13280	14139	SHV-OKP-LEN_Bla
p_1703	1431	2160	ErmC_MLS
p_1706	10653	12078	Aac6-Aph2_AGly
p_1728	21633	22531	MphC_MLS
p_1728	22629	24086	MsrA_MLS
p_1733	8226	9674	MsrA_MLS
p_1740	1621	2462	BlaZ_Bla
p_1741	2449	2977	AadB_AGly
p_1743	3166	4349	Tet-39_Tet
p_1753	1324	2055	ErmC_MLS
p_1759	3696	5058	TetK_Tet
p_175	18579	19923	TetL_Tet
p_1760	2772	3414	CatA_Phe
p_1761	2788	3626	BlaZ_Bla
p_1770	26012	27379	TetL_Tet
p_1773	1723	2445	ErmC_MLS
p_1776	5499	6397	MphC_MLS
p_1776	6495	7954	MsrA_MLS
p_177	531	1262	ErmC_MLS
p_1786	4580	6136	VgaA_MLS
p_178	1142	1873	ErmC_MLS
p_17	4395	5729	TetL_Tet
p_1802	1589	2320	ErmC_MLS
p_1803	62815	63446	CatBx_Phe
p_1803	61861	62684	OXA-1_Bla
p_1803	61218	61732	AacAad_AGly
p_1803	481	1259	OXA-48_Bla
p_1806	6331	7101	AadD_AGly
p_1806	10903	11538	Far1_Fcd
p_1806	12931	13771	BlaZ_Bla
p_1844	9329	9959	CatBx_Phe
p_1844	4904	5697	OXA-48_Bla
p_1844	10094	10919	OXA-1_Bla
p_1844	11049	11566	AacAad_AGly
p_184	7944	9401	MsrA_MLS
p_1850	89086	89913	OXA-1_Bla
p_1850	88440	88957	AacAad_AGly
p_1850	90049	90593	CatBx_Phe
p_1860	23276	23758	LnuA_MLS
p_1860	30355	30839	DfrC_Tmt
p_1860	44935	45773	BlaZ_Bla
p_1863	40172	40777	AacAad_AGly
p_1863	31481	32340	SHV-OKP-LEN_Bla
p_1863	40831	41634	AadA_AGly
p_1863	41679	42430	OXA-9_Bla
p_1864	40231	41070	SulI_Sul
p_1864	36791	37590	OXA-7_Bla
p_1864	37612	38176	AacAad_AGly
p_1864	38442	39699	CmlA_Phe
p_1865	1350	1993	CatA_Phe
p_1866	105	1465	TetK_Tet
p_186	1567	2406	BlaZ_Bla
p_1872	285	1121	BlaZ_Bla
p_1877	2275	3636	TetK_Tet
p_1878	1684	2395	ErmC_MLS
p_1880	19	456	LnuA_MLS
p_1881	2629	3526	MphC_MLS
p_1881	1072	2531	MsrA_MLS
p_1882	26372	27799	Aac6-Aph2_AGly
p_1883	1788	2432	CatA_Phe
p_1883	6869	8296	Aac6-Aph2_AGly
p_1885	3162	4060	MphC_MLS
p_1885	1606	3064	MsrA_MLS
p_1906	1381	2110	ErmC_MLS
p_1909	4068	4966	MphC_MLS
p_1909	5064	6516	MsrA_MLS
p_1910	31599	32968	TetL_Tet
p_1911	1346	2077	ErmC_MLS
p_1912	808	2170	TetK_Tet
p_1917	1984	2627	CatA_Phe
p_1919	439	1622	Tet-39_Tet
p_1922	1147	1878	ErmC_MLS
p_1927	237	711	LnuA_MLS
p_1928	9415	10242	BlaZ_Bla
p_1929	267	742	LnuA_MLS
p_1930	835	1314	LnuA_MLS
p_1936	3708	4897	TetC_Tet
p_1936	42091	42623	AadB_AGly
p_1936	29076	29913	SulI_Sul
p_1936	36968	37781	Aph3''Ia_AGly
p_1941	39036	39487	Arr_Rif
p_1941	39572	40203	CatBx_Phe
p_1941	14548	15450	MphA_MLS
p_1941	20692	21528	SulI_Sul
p_1941	40338	41163	OXA-1_Bla
p_1941	2080	2890	SulII_Sul
p_1941	37640	38475	SulI_Sul
p_1941	2951	3750	StrA_AGly
p_1941	28327	28971	QnrB_Flq
p_1941	3750	4582	StrB_AGly
p_1941	23102	24233	DHA_Bla
p_1941	9288	10465	TetD_Tet
p_1941	41293	41806	AacAad_AGly
p_1941	12319	12785	DfrA5_Tmt
p_1945	146350	147185	StrB_AGly
p_1945	137492	138303	SulII_Sul
p_1945	194505	195970	MsrE_MLS
p_1945	147185	147982	StrA_AGly
p_1950	2902	4265	TetK_Tet
p_1965	1353	2082	ErmC_MLS
p_1966	3821	5370	VgaA_MLS
p_1970	217	1045	BlaZ_Bla
p_1972	151	631	LnuA_MLS
p_1977	1	457	LnuA_MLS
p_1978	2985	4528	VgaA_MLS
p_1979	24571	25468	MphC_MLS
p_1979	23024	24474	MsrA_MLS
p_1985	3241	4791	VgaA_MLS
p_1988	32458	33356	MphC_MLS
p_1988	5717	6615	MphC_MLS
p_1988	50147	50986	BlaZ_Bla
p_1988	6713	8169	MsrA_MLS
p_1988	33454	34908	MsrA_MLS
p_1991	3311	4675	TetK_Tet
p_1993	2879	4241	TetK_Tet
p_2010	272	913	CatA_Phe
p_2012	2325	3095	AadD_AGly
p_2012	16309	17738	Aac6-Aph2_AGly
p_2012	5163	6528	TetK_Tet
p_2012	742	1223	LnuA_MLS
p_2014	531	2083	VgaA_MLS
p_2022	2503	4058	VgaA_MLS
p_2035	24680	25512	BlaZ_Bla
p_2039	7893	9315	Aac6-Aph2_AGly
p_2046	38047	39963	TetS_Tet
p_2046	47609	48252	CatA_Phe
p_2046	32918	34344	Aac6-Aph2_AGly
p_2046	15268	16002	ErmB_MLS
p_2047	9908	11334	Aac6-Aph2_AGly
p_2049	25269	26617	TetL_Tet
p_2050	13164	14060	MphC_MLS
p_2050	11616	13066	MsrA_MLS
p_2062	7309	8674	TetL_Tet
p_2062	8867	10777	TetM_Tet
p_2080	2938	3708	AadD_AGly
p_2086	18764	20193	Aac6-Aph2_AGly
p_2095	9808	11356	VgaA_MLS
p_209	1437	2980	VgaA_MLS
p_2106	62238	63073	StrB_AGly
p_2106	61438	62238	StrA_AGly
p_2106	64427	65283	TEM-1D_Bla
p_2106	60566	61377	SulII_Sul
p_2107	118834	119739	MphA_MLS
p_2107	199422	200280	SHV-OKP-LEN_Bla
p_2108	18070	18603	AadB_AGly
p_2108	78271	79127	Aac3-IIa_AGly
p_2110	4764	5419	Qnr-S_Flq
p_2111	7884	8539	Qnr-S_Flq
p_2112	3766	4420	Qnr-S_Flq
p_2113	8183	8464	SHV-OKP-LEN_Bla
p_2113	17140	17997	Aac3-IIa_AGly
p_2113	14170	15026	TEM-1D_Bla
p_2113	54866	55703	SulI_Sul
p_2113	22949	23804	TEM-1D_Bla
p_2113	60810	61624	Aph3-Ib_AGly
p_2113	223419	224689	TetA_Tet
p_2113	7708	8174	SHV-OKP-LEN_Bla
p_2114	52290	53129	SulI_Sul
p_2114	48854	49653	OXA-7_Bla
p_2114	49675	50239	AacAad_AGly
p_2114	50504	51758	CmlA_Phe
p_2119	659	2021	TetK_Tet
p_2122	1226	1955	ErmC_MLS
p_2123	1649	2380	ErmC_MLS
p_2126	3321	4686	TetK_Tet
p_2128	34316	35681	TetK_Tet
p_2129	3799	5257	MsrA_MLS
p_2135	15468	16308	BlaZ_Bla
p_2140	26150	27487	TetL_Tet
p_2141	1771	2501	ErmC_MLS
p_2142	11354	12123	AadD_AGly
p_2142	24782	26203	Aac6-Aph2_AGly
p_2142	13224	13707	LnuA_MLS
p_2142	7933	9292	TetK_Tet
p_2144	16894	17735	BlaZ_Bla
p_2155	5973	6765	Aph3-III_AGly
p_2155	16243	17041	LinB_MLS
p_2155	26494	27291	LinB_MLS
p_2155	6769	7501	ErmB_MLS
p_2155	4496	5229	ErmB_MLS
p_2156	1696	2424	ErmC_MLS
p_2163	24034	24869	BlaZ_Bla
p_2165	6353	7777	Aac6-Aph2_AGly
p_2166	14620	15518	MphC_MLS
p_2166	13065	14522	MsrA_MLS
p_2169	10050	10947	MphC_MLS
p_216	2213	3572	TetK_Tet
p_2174	2804	3703	MphC_MLS
p_2174	11879	12777	MphC_MLS
p_2174	10326	11781	MsrA_MLS
p_2174	1254	2706	MsrA_MLS
p_2175	271	1821	VgaA_MLS
p_2185	3991	5545	VgaA_MLS
p_2212	998	1729	ErmC_MLS
p_2213	1478	2843	TetK_Tet
p_2214	6340	7110	AadD_AGly
p_2215	1090	1821	ErmC_MLS
p_2217	2561	3925	TetK_Tet
p_2222	1531	2261	ErmC_MLS
p_2225	2031	3372	TetK_Tet
p_2232	14851	15742	MphC_MLS
p_2232	18551	19314	AadD_AGly
p_2232	15840	17293	MsrA_MLS
p_2233	7475	8121	CatA_Phe
p_2233	4159	5587	Aac6-Aph2_AGly
p_2238	196242	196884	CatA_Phe
p_2238	194637	196062	Aac6-Aph2_AGly
p_223	5042	5935	MphC_MLS
p_223	3488	4944	MsrA_MLS
p_2245	12172	13011	BlaZ_Bla
p_2247	21579	22346	AadD_AGly
p_2247	6967	8392	Aac6-Aph2_AGly
p_2247	18149	19511	TetK_Tet
p_2247	23445	23927	LnuA_MLS
p_2248	7240	8589	TetL_Tet
p_2249	26518	27417	MphC_MLS
p_2249	27515	28973	MsrA_MLS
p_224	953	1684	ErmC_MLS
p_2252	1710	2420	ErmC_MLS
p_2258	5461	6368	Ant6-Ia_AGly
p_2258	6996	7787	Aph3-III_AGly
p_2258	1487	2220	ErmB_MLS
p_2258	6365	6903	Sat4A_AGly
p_225	2794	4161	TetK_Tet
p_2262	4913	5811	MphC_MLS
p_2262	5909	7368	MsrA_MLS
p_2266	4176	5544	TetL_Tet
p_226	12635	13405	AadD_AGly
p_226	13737	15108	TetL_Tet
p_226	7752	8387	Far1_Fcd
p_226	15411	16141	ErmC_MLS
p_2271	61150	61976	OXA-1_Bla
p_2271	60503	61020	AacAad_AGly
p_2276	18777	19633	GES_Bla
p_2276	1571	2381	Aph3-Ib_AGly
p_2278	11214	12049	StrB_AGly
p_2278	12049	12830	StrA_AGly
p_2278	1491	2294	SulII_Sul
p_2282	1364	2095	ErmC_MLS
p_2284	1591	2956	TetK_Tet
p_2286	153803	154707	MphA_MLS
p_2286	71489	72348	SHV-OKP-LEN_Bla
p_2287	96914	97749	StrB_AGly
p_2287	96114	96914	StrA_AGly
p_2287	99104	99959	TEM-1D_Bla
p_2287	95242	96053	SulII_Sul
p_22	19662	21000	TetL_Tet
p_2301	5749	6519	AadD_AGly
p_2301	19098	20555	MsrA_MLS
p_2308	1680	2411	ErmC_MLS
p_2309	4603	5967	TetK_Tet
p_2309	2351	3712	TetK_Tet
p_2310	1840	2322	LnuA_MLS
p_2314	776	1508	ErmC_MLS
p_2316	60006	60637	CatBx_Phe
p_2316	55583	56377	OXA-48_Bla
p_2316	60772	61598	OXA-1_Bla
p_2316	61728	62245	AacAad_AGly
p_2317	6385	7570	Tet-39_Tet
p_2319	2516	3884	TetK_Tet
p_2329	82469	83373	MphA_MLS
p_2329	181	1034	SHV-OKP-LEN_Bla
p_2332	103196	104031	StrB_AGly
p_2332	104031	104831	StrA_AGly
p_2332	100986	101842	TEM-1D_Bla
p_2332	104892	105703	SulII_Sul
p_2336	10445	11782	TetL_Tet
p_2337	226	988	AadD_AGly
p_2337	38917	39552	Far1_Fcd
p_2337	1313	2659	TetL_Tet
p_2337	2965	3685	ErmC_MLS
p_2346	1548	2076	AadB_AGly
p_2347	10800	11981	Tet-39_Tet
p_2347	1656	2806	Tet-39_Tet
p_2349	386	919	AadB_AGly
p_2350	15874	17057	Tet-39_Tet
p_2350	21342	22525	Tet-39_Tet
p_2350	1201	2383	Tet-39_Tet
p_2350	6665	7847	Tet-39_Tet
p_2353	8417	9254	BlaZ_Bla
p_2366	29441	30071	CatBx_Phe
p_2366	33440	34231	OXA-48_Bla
p_2366	27842	28357	AacAad_AGly
p_2366	28487	29309	OXA-1_Bla
p_2367	1793	2274	LnuA_MLS
p_2368	2954	4321	TetK_Tet
p_2370	3641	4960	TetK_Tet
p_2374	17265	18102	BlaZ_Bla
p_2379	9237	10135	MphC_MLS
p_2379	10233	11688	MsrA_MLS
p_2381	357	1719	TetK_Tet
p_2386	17797	18694	MphC_MLS
p_2386	16246	17699	MsrA_MLS
p_2392	5759	7105	TetL_Tet
p_2398	25148	25917	AadD_AGly
p_2398	11074	12497	Aac6-Aph2_AGly
p_2398	23566	24046	LnuA_MLS
p_2398	2	1349	TetK_Tet
p_2399	38906	39187	SHV-OKP-LEN_Bla
p_2399	26782	28051	TetA_Tet
p_2399	18695	19519	OXA-1_Bla
p_2399	18050	18565	AacAad_AGly
p_2399	20941	21797	Aac3-IIa_AGly
p_2399	36168	36839	QnrB_Flq
p_2399	19647	20186	CatBx_Phe
p_2399	38432	38897	SHV-OKP-LEN_Bla
p_239	2063	2706	CatA_Phe
p_2402	4426	5973	VgaA_MLS
p_2409	1049	1777	ErmC_MLS
p_240	1661	2194	AadB_AGly
p_2410	6924	7826	Ant6-Ia_AGly
p_2410	11047	11780	ErmB_MLS
p_2410	6389	6927	Sat4A_AGly
p_2410	5513	6298	Aph3-III_AGly
p_2412	326	1687	TetK_Tet
p_2413	16194	17032	BlaZ_Bla
p_2417	1253	1984	ErmC_MLS
p_2418	3594	4236	CatA_Phe
p_2420	160702	161198	DfrA_Tmt
p_2420	185229	185701	DfrA1_Tmt
p_2420	146282	147081	AadA_AGly
p_2420	159510	160288	AadA_AGly
p_2420	143824	144612	SulIII_Sul
p_2420	182814	184083	TetA_Tet
p_2420	171385	172220	SulI_Sul
p_2420	140101	140913	Aph3''Ia_AGly
p_2420	150384	151591	FloR_Phe
p_2420	163960	164602	QnrB_Flq
p_2420	466	1114	Qnr-S_Flq
p_2420	168689	169814	DHA_Bla
p_2438	11081	11916	BlaZ_Bla
p_2439	25404	26766	TetK_Tet
p_2442	29620	30458	BlaZ_Bla
p_2443	1271	2106	BlaZ_Bla
p_2444	17617	19043	Aac6-Aph2_AGly
p_2444	8084	8920	BlaZ_Bla
p_2446	11342	12180	BlaZ_Bla
p_2447	2240	3603	TetK_Tet
p_2448	3483	4843	TetK_Tet
p_2461	12254	13022	AadD_AGly
p_2461	1167	2722	VgaA_MLS
p_2461	8822	10186	TetK_Tet
p_2461	5928	6407	LnuA_MLS
p_2462	17061	17829	AadD_AGly
p_2462	13338	14237	MphC_MLS
p_2462	14335	15790	MsrA_MLS
p_2465	3103	3783	ErmC_MLS
p_2467	2515	4063	VgaA_MLS
p_2470	43468	44237	AadD_AGly
p_2470	3953	4585	Far1_Fcd
p_2470	1052	1775	ErmC_MLS
p_2472	26442	27281	BlaZ_Bla
p_2472	571	1053	DfrC_Tmt
p_2476	1741	2439	ErmC_MLS
p_2481	13918	15280	TetK_Tet
p_2482	1838	2568	ErmC_MLS
p_2484	67216	68054	BlaZ_Bla
p_2484	25966	26802	BlaZ_Bla
p_2501	26185	27367	Tet-39_Tet
p_2501	5908	7088	Tet-39_Tet
p_2501	20880	22055	Tet-39_Tet
p_2501	11354	12518	Tet-39_Tet
p_2503	926	1655	ErmC_MLS
p_2509	1241	2080	Str_AGly
p_2516	19394	20583	TetC_Tet
p_2516	44737	45573	SulI_Sul
p_2516	57743	58274	AadB_AGly
p_2516	52626	53437	Aph3''Ia_AGly
p_2523	15036	15934	MphC_MLS
p_2523	13485	14939	MsrA_MLS
p_2527	26732	27502	AadD_AGly
p_2550	18958	19728	AadD_AGly
p_2550	17057	17897	BlaZ_Bla
p_2553	1437	1969	AadB_AGly
p_2555	3525	5146	Mcr1_Colistin
p_2561	2630	3992	TetK_Tet
p_256	34024	34863	BlaZ_Bla
p_2573	2343	3074	ErmC_MLS
p_2585	2172	2812	CatA_Phe
p_2586	1788	3327	VgaA_MLS
p_2588	13897	15882	MECA_Bla
p_2588	11724	12203	LnuA_MLS
p_2588	16995	18412	Aac6-Aph2_AGly
p_2588	20206	20688	DfrC_Tmt
p_2590	155	796	CatA_Phe
p_2592	4181	5726	VgaA_MLS
p_2594	1181	1662	LnuA_MLS
p_25	83045	83326	SHV-OKP-LEN_Bla
p_25	796	1676	MphA_MLS
p_25	83335	83801	SHV-OKP-LEN_Bla
p_2615	54696	55326	CatBx_Phe
p_2615	58952	59743	OXA-48_Bla
p_2615	53742	54564	OXA-1_Bla
p_2615	53098	53612	AacAad_AGly
p_2616	66759	67231	DfrA1_Tmt
p_2616	42063	42861	AadA_AGly
p_2616	39607	40394	SulIII_Sul
p_2616	64351	65617	TetA_Tet
p_2616	46150	47358	FloR_Phe
p_2616	35896	36706	Aph3''Ia_AGly
p_2616	68602	69252	Qnr-S_Flq
p_2619	5434	6618	Tet-39_Tet
p_2620	8337	9519	Tet-39_Tet
p_2627	2878	4243	TetK_Tet
p_2627	4924	6285	TetK_Tet
p_2637	1361	2092	ErmC_MLS
p_2638	7859	9225	TetK_Tet
p_2640	7729	8566	BlaZ_Bla
p_2641	1361	2728	TetK_Tet
p_2643	25258	26098	BlaZ_Bla
p_2644	513	1244	ErmC_MLS
p_2645	566	1297	ErmC_MLS
p_2648	24823	25658	BlaZ_Bla
p_2649	1619	2349	ErmC_MLS
p_264	43999	45188	TetC_Tet
p_264	20284	20816	AadB_AGly
p_264	7268	8106	SulI_Sul
p_264	15163	15976	Aph3''Ia_AGly
p_2650	25542	26445	Ant6-Ia_AGly
p_2650	29671	30404	ErmB_MLS
p_2650	24128	24915	Aph3-III_AGly
p_2650	25007	25545	Sat4A_AGly
p_2651	8850	10212	TetK_Tet
p_2658	1488	1968	LnuA_MLS
p_2659	3581	5033	MsrA_MLS
p_2659	21461	22302	BlaZ_Bla
p_2667	40176	40810	Far1_Fcd
p_2667	903	2249	TetL_Tet
p_2667	2545	3263	ErmC_MLS
p_266	81054	81889	StrB_AGly
p_266	32133	33606	MsrE_MLS
p_266	89945	90756	SulII_Sul
p_266	80253	81054	StrA_AGly
p_2680	1469	3014	VgaA_MLS
p_2689	3089	4508	Aac6-Aph2_AGly
p_2691	117	758	CatA_Phe
p_2695	60702	61536	StrB_AGly
p_2695	59903	60702	StrA_AGly
p_2701	8798	9361	AacAad_AGly
p_2703	4059	4956	MphC_MLS
p_2703	5054	6506	MsrA_MLS
p_2704	14618	16043	Aac6-Aph2_AGly
p_2707	3054	4482	Aac6-Aph2_AGly
p_2715	1225	1955	ErmC_MLS
p_2716	27660	28137	DfrC_Tmt
p_2716	1434	2271	BlaZ_Bla
p_2722	5780	7207	Aac6-Aph2_AGly
p_2723	3410	4055	CatA_Phe
p_2724	13167	14626	MsrA_MLS
p_2724	5546	6180	Far1_Fcd
p_2724	8324	9162	BlaZ_Bla
p_2727	1234	1960	ErmC_MLS
p_273	2162	2804	CatA_Phe
p_2740	17759	18529	AadD_AGly
p_2740	16059	17427	TetL_Tet
p_2740	22763	23397	Far1_Fcd
p_2740	15028	15757	ErmC_MLS
p_2741	13454	14791	TetL_Tet
p_2753	5589	6488	MphC_MLS
p_2753	6586	8045	MsrA_MLS
p_2754	951	1682	ErmC_MLS
p_2756	14087	15276	TetC_Tet
p_2756	52246	52778	AadB_AGly
p_2756	39256	40093	SulI_Sul
p_2756	47132	47944	Aph3''Ia_AGly
p_2759	25604	27062	MsrA_MLS
p_2763	12055	12894	BlaZ_Bla
p_2766	7318	8156	BlaZ_Bla
p_2774	6649	8010	TetL_Tet
p_2778	2311	3674	TetK_Tet
p_277	2495	3860	TetK_Tet
p_2780	26272	27173	Ant6-Ia_AGly
p_2780	735	1462	ErmB_MLS
p_2780	25744	26271	Sat4A_AGly
p_2780	24862	25651	Aph3-III_AGly
p_2782	37258	37903	CatA_Phe
p_2782	20544	21188	CatA_Phe
p_2782	3795	4563	AadD_AGly
p_2782	10432	11890	MsrA_MLS
p_2782	27151	28607	MsrA_MLS
p_2782	40258	41687	Aac6-Aph2_AGly
p_2782	23543	24967	Aac6-Aph2_AGly
p_2782	5576	6413	BlaZ_Bla
p_2788	77000	77835	StrB_AGly
p_2788	77835	78635	StrA_AGly
p_2788	74787	75643	TEM-1D_Bla
p_2788	78696	79507	SulII_Sul
p_2789	202180	203084	MphA_MLS
p_2789	282707	283565	SHV-OKP-LEN_Bla
p_278	31992	32831	BlaZ_Bla
p_2790	43534	44066	AadB_AGly
p_2790	20218	21074	Aac3-IIa_AGly
p_2792	1514	2245	ErmC_MLS
p_2796	11425	12263	BlaZ_Bla
p_2806	23660	24292	CatBx_Phe
p_2806	23125	23575	Arr_Rif
p_2806	4827	5662	SulI_Sul
p_2806	21730	22564	SulI_Sul
p_2806	24424	25248	OXA-1_Bla
p_2806	78580	79379	StrA_AGly
p_2806	12447	13089	QnrB_Flq
p_2806	25376	25890	AacAad_AGly
p_2806	87937	88406	DfrA5_Tmt
p_2806	77711	78519	SulII_Sul
p_2806	79379	80208	StrB_AGly
p_2806	7232	8360	DHA_Bla
p_2806	84905	86076	TetD_Tet
p_2806	90143	91033	MphA_MLS
p_2810	7817	8713	MphC_MLS
p_2810	6267	7719	MsrA_MLS
p_2822	19431	20323	MphC_MLS
p_2822	15852	16617	AadD_AGly
p_2822	17881	19333	MsrA_MLS
p_2823	15511	16279	AadD_AGly
p_2823	18341	19703	TetK_Tet
p_2823	13876	14358	LnuA_MLS
p_2824	1155	1798	CatA_Phe
p_2827	7630	8993	TetK_Tet
p_2828	1935	3300	TetK_Tet
p_2830	3159	3998	BlaZ_Bla
p_2831	977	2404	Aac6-Aph2_AGly
p_2836	8104	9558	MsrA_MLS
p_2836	19656	20134	LnuA_MLS
p_2855	1134	2500	TetK_Tet
p_2858	17815	18583	AadD_AGly
p_2870	6627	7397	AadD_AGly
p_2890	838	2204	TetK_Tet
p_2891	2782	4148	TetK_Tet
p_2893	884	1615	ErmC_MLS
p_2904	30292	31059	AadD_AGly
p_2904	28595	29960	TetL_Tet
p_2904	1909	2540	Far1_Fcd
p_2904	27566	28292	ErmC_MLS
p_2906	23040	23808	AadD_AGly
p_2906	24141	25508	TetL_Tet
p_2906	28738	29371	Far1_Fcd
p_2906	25809	26538	ErmC_MLS
p_2907	3528	4891	TetK_Tet
p_291	2623	4179	VgaA_MLS
p_2922	10500	11867	TetK_Tet
p_2923	1504	2872	TetK_Tet
p_2924	35440	36278	BlaZ_Bla
p_2924	15529	16366	BlaZ_Bla
p_2926	5148	6570	Aac6-Aph2_AGly
p_2931	73	940	BlaZ_Bla
p_2934	1467	2110	CatA_Phe
p_2934	3997	5424	Aac6-Aph2_AGly
p_2938	539	1267	ErmC_MLS
p_2944	203240	203883	CatA_Phe
p_2944	201642	203060	Aac6-Aph2_AGly
p_2948	3845	4489	CatA_Phe
p_2956	15245	15808	AacAad_AGly
p_2958	1052	1782	ErmC_MLS
p_2964	579	1219	CatA_Phe
p_2968	1204	1935	ErmC_MLS
p_2979	200	930	ErmC_MLS
p_2980	2504	4057	VgaA_MLS
p_2981	28658	29498	BlaZ_Bla
p_2981	47281	48121	BlaZ_Bla
p_2983	3496	4862	TetK_Tet
p_2996	4596	6050	MsrA_MLS
p_3017	74209	74705	DfrA_Tmt
p_3017	98717	99189	DfrA1_Tmt
p_3017	73016	73794	AadA_AGly
p_3017	100566	101220	Qnr-S_Flq
p_3017	96302	97572	TetA_Tet
p_3017	53615	54427	Aph3''Ia_AGly
p_3017	57335	58122	SulIII_Sul
p_3017	84889	85723	SulI_Sul
p_3017	59786	60582	AadA_AGly
p_3017	63885	65091	FloR_Phe
p_3017	77470	78109	QnrB_Flq
p_3017	82193	83319	DHA_Bla
p_3018	78382	79215	StrB_AGly
p_3018	79983	80791	SulII_Sul
p_3018	77587	78382	StrA_AGly
p_3026	1086	1567	LnuA_MLS
p_3029	8264	9064	StrA_AGly
p_3029	7432	8264	StrB_AGly
p_3029	5221	6076	TEM-1D_Bla
p_3029	9125	9936	SulII_Sul
p_3032	56533	57437	MphA_MLS
p_3032	260000	260858	SHV-OKP-LEN_Bla
p_3037	10	1375	TetK_Tet
p_3038	11217	12648	Aac6-Aph2_AGly
p_3040	862	2225	TetK_Tet
p_3045	101567	102367	StrA_AGly
p_3045	100735	101567	StrB_AGly
p_3048	1680	3042	TetK_Tet
p_3054	2920	4467	VgaA_MLS
p_305	1573	2304	ErmC_MLS
p_3065	189029	189310	SHV-OKP-LEN_Bla
p_3065	106792	107695	MphA_MLS
p_3065	189319	189787	SHV-OKP-LEN_Bla
p_3067	59796	60329	AadB_AGly
p_3067	6401	7244	Aac3-IIa_AGly
p_3069	1354	2085	ErmC_MLS
p_306	28228	29585	TetK_Tet
p_3072	12606	13374	AadD_AGly
p_3082	82605	83463	SHV-OKP-LEN_Bla
p_3082	70924	72195	TetA_Tet
p_3082	62154	62671	AacAad_AGly
p_3082	62801	63626	OXA-1_Bla
p_3082	63762	64307	CatBx_Phe
p_3082	65063	65919	Aac3-IIa_AGly
p_3082	80352	81025	QnrB_Flq
p_308	1032	1762	ErmC_MLS
p_3097	1324	2055	ErmC_MLS
p_3099	1389	2944	VgaA_MLS
p_3101	6931	7767	BlaZ_Bla
p_310	3383	4152	AadD_AGly
p_3113	2779	3424	CatA_Phe
p_3115	1194	1925	ErmC_MLS
p_3118	11135	12505	TetL_Tet
p_3118	7584	9045	MsrA_MLS
p_3120	1709	3069	TetK_Tet
p_3123	84056	84891	StrB_AGly
p_3123	81845	82700	TEM-1D_Bla
p_3123	472	1283	SulII_Sul
p_3124	49919	50452	AadB_AGly
p_3124	73081	73938	Aac3-IIa_AGly
p_3125	196818	197722	MphA_MLS
p_3125	277427	278286	SHV-OKP-LEN_Bla
p_3127	9858	10513	Qnr-S_Flq
p_3128	3178	3459	SHV-OKP-LEN_Bla
p_3128	220958	221815	Aac3-IIa_AGly
p_3128	215150	216006	TEM-1D_Bla
p_3128	223929	224784	TEM-1D_Bla
p_3128	183241	184076	SulI_Sul
p_3128	177325	178138	Aph3-Ib_AGly
p_3128	14230	15500	TetA_Tet
p_3128	3468	3937	SHV-OKP-LEN_Bla
p_3130	210130	211034	MphA_MLS
p_3130	127869	128727	SHV-OKP-LEN_Bla
p_3132	74	1438	TetK_Tet
p_3133	35160	35930	AadD_AGly
p_3133	33457	34827	TetL_Tet
p_3133	40179	40815	Far1_Fcd
p_3133	32422	33152	ErmC_MLS
p_3135	1503	2338	BlaZ_Bla
p_3136	8616	9099	LnuA_MLS
p_3136	12065	13301	TetK_Tet
p_3138	23484	24353	CTX-M-1_Bla
p_3139	17728	18562	StrB_AGly
p_3139	9950	11136	TetC_Tet
p_3139	5679	7148	MsrE_MLS
p_3139	16930	17728	StrA_AGly
p_3139	26405	27214	SulII_Sul
p_3139	7203	8080	MphE_MLS
p_3141	9180	10363	Tet-39_Tet
p_3144	9744	10602	SHV-OKP-LEN_Bla
p_3147	43158	43439	SHV-OKP-LEN_Bla
p_3147	43448	43916	SHV-OKP-LEN_Bla
p_3155	1667	2396	ErmC_MLS
p_3157	17528	18091	AacAad_AGly
p_3158	345	1075	ErmC_MLS
p_315	19095	19628	AadB_AGly
p_315	6083	6921	SulI_Sul
p_315	13976	14789	Aph3''Ia_AGly
p_315	42787	43974	TetC_Tet
p_3162	617	1982	TetK_Tet
p_3163	13308	14671	TetL_Tet
p_3165	7773	9228	MsrA_MLS
p_3166	16921	17761	BlaZ_Bla
p_3166	14653	15135	DfrC_Tmt
p_3169	25787	26626	BlaZ_Bla
p_3170	2899	4453	VgaA_MLS
p_3175	859	1502	CatA_Phe
p_3178	17076	17913	BlaZ_Bla
p_3180	97	1461	TetK_Tet
p_3182	16108	16946	BlaZ_Bla
p_3184	65614	66443	CTX-M-1_Bla
p_3185	21759	22947	TetC_Tet
p_3185	13692	14525	StrB_AGly
p_3185	12892	13692	StrA_AGly
p_3185	25751	27220	MsrE_MLS
p_3185	5659	6470	SulII_Sul
p_3185	24815	25695	MphE_MLS
p_3189	19785	20622	BlaZ_Bla
p_318	21680	22285	AacAad_AGly
p_318	30122	30980	SHV-OKP-LEN_Bla
p_318	20028	20780	OXA-9_Bla
p_318	20825	21626	AadA_AGly
p_3191	3910	5272	TetK_Tet
p_3196	1675	2406	ErmC_MLS
p_3204	18154	19050	MphC_MLS
p_3204	16605	18057	MsrA_MLS
p_3212	60593	61225	CatBx_Phe
p_3212	56172	56964	OXA-48_Bla
p_3212	61356	62180	OXA-1_Bla
p_3212	62310	62824	AacAad_AGly
p_3214	106489	106961	DfrA1_Tmt
p_3214	130874	131672	AadA_AGly
p_3214	108106	109374	TetA_Tet
p_3214	133336	134123	SulIII_Sul
p_3214	137030	137840	Aph3''Ia_AGly
p_3214	104467	105118	Qnr-S_Flq
p_3214	126375	127577	FloR_Phe
p_3215	1529	2260	ErmC_MLS
p_3216	10065	11431	TetK_Tet
p_3218	8968	9809	BlaZ_Bla
p_321	15453	16638	Tet-39_Tet
p_321	29096	30280	Tet-39_Tet
p_321	51891	53075	Tet-39_Tet
p_321	38294	39458	Tet-39_Tet
p_322	3851	5212	TetK_Tet
p_3235	21244	22583	TetL_Tet
p_3238	1232	1714	LnuA_MLS
p_3241	1793	2632	Str_AGly
p_3243	1528	2259	ErmC_MLS
p_3244	2099	2830	ErmC_MLS
p_3249	36130	37553	Aac6-Aph2_AGly
p_3249	34776	35511	ErmB_MLS
p_3252	30419	30901	LnuA_MLS
p_3252	26730	28719	MECA_Bla
p_3252	24195	25616	Aac6-Aph2_AGly
p_3252	21912	22395	DfrC_Tmt
p_3253	1966	2608	CatA_Phe
p_3254	2400	3039	CatA_Phe
p_3256	4723	6088	TetK_Tet
p_3257	4920	5758	BlaZ_Bla
p_3258	18768	20187	Aac6-Aph2_AGly
p_3260	27852	29175	TetL_Tet
p_3264	16597	17435	BlaZ_Bla
p_3265	3318	4157	BlaZ_Bla
p_3267	17781	18548	AadD_AGly
p_3267	3075	4503	Aac6-Aph2_AGly
p_3267	20614	21978	TetK_Tet
p_3267	16196	16678	LnuA_MLS
p_3272	907	1634	ErmC_MLS
p_3273	969	2328	TetK_Tet
p_3276	15279	15842	AacAad_AGly
p_3279	14563	15332	AadD_AGly
p_3279	19608	20446	BlaZ_Bla
p_3281	1269	1751	LnuA_MLS
p_3284	30307	31145	SulI_Sul
p_3284	4945	6134	TetC_Tet
p_3284	43322	43854	AadB_AGly
p_3284	38200	39012	Aph3''Ia_AGly
p_3291	2441	3082	CatA_Phe
p_3293	16126	16896	AadD_AGly
p_3293	20650	21489	BlaZ_Bla
p_3297	15236	16006	AadD_AGly
p_3298	4407	5302	MphC_MLS
p_3298	8109	8869	AadD_AGly
p_3298	5400	6848	MsrA_MLS
p_3301	2181	2830	CatA9_Phe
p_3301	16459	17191	ErmB_MLS
p_3301	20208	20940	ErmB_MLS
p_3301	23956	24688	ErmB_MLS
p_3301	12619	13415	LinB_MLS
p_3315	19050	20414	TetK_Tet
p_3315	16360	17200	BlaZ_Bla
p_3316	15293	16192	MphC_MLS
p_3316	16290	17746	MsrA_MLS
p_3322	4260	4793	AadB_AGly
p_3329	194221	195020	OXA-7_Bla
p_3329	190746	191584	SulI_Sul
p_3329	193635	194199	AacAad_AGly
p_3329	192117	193370	CmlA_Phe
p_3331	56275	56880	AacAad_AGly
p_3331	47579	48438	SHV-OKP-LEN_Bla
p_3331	40753	41588	StrB_AGly
p_3331	57779	58532	OXA-9_Bla
p_3331	31880	32691	SulII_Sul
p_3331	41588	42388	StrA_AGly
p_3331	56934	57734	AadA_AGly
p_3333	2643	3287	CatA_Phe
p_3334	1420	2261	BlaZ_Bla
p_3339	1478	2209	ErmC_MLS
p_3354	1318	2738	Aac6-Aph2_AGly
p_3354	21102	21939	BlaZ_Bla
p_3355	3514	4878	TetK_Tet
p_3357	6171	7506	TetL_Tet
p_3361	649	1378	ErmC_MLS
p_3372	4614	6162	VgaA_MLS
p_3375	1213	1944	ErmC_MLS
p_3384	2025	2506	LnuA_MLS
p_3386	12455	13361	Ant6-Ia_AGly
p_3386	11037	11827	Aph3-III_AGly
p_3386	11920	12458	Sat4A_AGly
p_3386	16594	17326	ErmB_MLS
p_3389	16363	17720	TetL_Tet
p_3391	1514	2244	ErmC_MLS
p_3392	2954	4320	TetK_Tet
p_339	37370	38659	Aac6-Aph2_AGly
p_339	18021	18857	BlaZ_Bla
p_33	5188	5830	CatA_Phe
p_33	728	2097	TetK_Tet
p_33	7264	8099	BlaZ_Bla
p_340	19062	20483	Aac6-Aph2_AGly
p_340	34860	35697	BlaZ_Bla
p_3413	12541	13446	Ant6-Ia_AGly
p_3413	10141	10932	Aph3-III_AGly
p_3413	20831	22197	TetL_Tet
p_3413	8664	9397	ErmB_MLS
p_3414	109756	110363	VanX-M_Gly
p_3414	107774	108738	VanH-Pt_Gly
p_3414	110789	111695	VanY-A_Gly
p_3414	105748	106438	VanR-A_Gly
p_3414	106416	107561	VanS-A_Gly
p_3414	108731	109747	VanA_Gly
p_3414	126835	128259	Aac6-Aph2_AGly
p_3417	20606	21169	AacAad_AGly
p_3418	3670	4509	SulI_Sul
p_3418	16689	17222	AadB_AGly
p_3418	11564	12377	Aph3''Ia_AGly
p_3418	40398	41586	TetC_Tet
p_3419	766	1496	ErmC_MLS
p_3421	14287	15120	BlaZ_Bla
p_3425	3141	3971	StrB_AGly
p_3425	3971	4768	StrA_AGly
p_3426	1307	2038	ErmC_MLS
p_3429	70193	70837	CatA_Phe
p_3429	68589	70014	Aac6-Aph2_AGly
p_3431	515	1413	MphC_MLS
p_3432	9329	10782	MsrA_MLS
p_3433	10813	11581	AadD_AGly
p_3433	13647	15010	TetK_Tet
p_3433	9176	9659	LnuA_MLS
p_343	129	933	SulII_Sul
p_3449	181710	183137	Aac6-Aph2_AGly
p_344	3442	4805	TetK_Tet
p_3452	54433	54714	SHV-OKP-LEN_Bla
p_3452	73502	74048	CatBx_Phe
p_3452	65611	66882	TetA_Tet
p_3452	75137	75654	AacAad_AGly
p_3452	71890	72747	Aac3-IIa_AGly
p_3452	74183	75007	OXA-1_Bla
p_3452	56786	57459	QnrB_Flq
p_3452	54723	55191	SHV-OKP-LEN_Bla
p_3454	119792	120629	SulI_Sul
p_3454	121127	121906	AadA_AGly
p_3468	591	1070	LnuA_MLS
p_3471	12153	13516	TetK_Tet
p_3471	20280	21043	AadD_AGly
p_3471	22056	22895	BlaZ_Bla
p_3474	2502	3962	MsrA_MLS
p_3475	3660	4942	TetK_Tet
p_3476	24897	25667	AadD_AGly
p_3477	16337	16940	AacAad_AGly
p_3477	24746	25603	SHV-OKP-LEN_Bla
p_3477	14687	15438	OXA-9_Bla
p_3477	15483	16284	AadA_AGly
p_3479	1573	2302	ErmC_MLS
p_3495	3399	4852	MsrA_MLS
p_3504	2769	4136	TetK_Tet
p_3505	1459	2189	ErmC_MLS
p_3509	1724	2440	ErmC_MLS
p_3513	2265	2906	CatA_Phe
p_3514	1453	2813	TetK_Tet
p_3515	13945	14784	BlaZ_Bla
p_3516	14625	15524	MphC_MLS
p_3516	15623	17078	MsrA_MLS
p_3521	17454	18352	MphC_MLS
p_3521	15899	17356	MsrA_MLS
p_3522	306	782	LnuA_MLS
p_3525	2901	4268	TetK_Tet
p_3540	4639	5545	Ant6-Ia_AGly
p_3540	3222	4012	Aph3-III_AGly
p_3540	4105	4642	Sat4A_AGly
p_3540	8763	9494	ErmB_MLS
p_3543	3058	3874	BlaZ_Bla
p_3547	2436	3080	CatA_Phe
p_3559	2420	3063	CatA_Phe
p_3572	175309	175953	CatA_Phe
p_3572	173700	175130	Aac6-Aph2_AGly
p_3587	35179	36086	Ant6-Ia_AGly
p_3587	37696	38487	Aph3-III_AGly
p_3587	26414	27784	TetL_Tet
p_3587	39231	39963	ErmB_MLS
p_3592	20119	20889	AadD_AGly
p_3592	5941	7304	TetK_Tet
p_3593	2799	3569	AadD_AGly
p_3593	11221	12588	TetK_Tet
p_3595	229	994	AadD_AGly
p_3599	2843	3574	ErmC_MLS
p_3600	3075	3791	ErmC_MLS
p_3604	14332	15170	BlaZ_Bla
p_3606	3659	4954	TetK_Tet
p_3607	1754	3121	TetK_Tet
p_3616	2604	3966	TetK_Tet
p_361	91543	92450	Ant6-Ia_AGly
p_361	89141	89932	Aph3-III_AGly
p_361	1672	3040	TetL_Tet
p_361	87665	88399	ErmB_MLS
p_3626	127659	128266	VanX-M_Gly
p_3626	129287	130250	VanH-Pt_Gly
p_3626	130463	131611	VanS-A_Gly
p_3626	126327	127234	VanY-A_Gly
p_3626	131589	132279	VanR-A_Gly
p_3626	109721	111149	Aac6-Aph2_AGly
p_3626	128272	129294	VanA_Gly
p_3631	2914	3397	DfrC_Tmt
p_3631	5160	5999	BlaZ_Bla
p_363	28839	29745	Ant6-Ia_AGly
p_363	24868	25600	ErmB_MLS
p_363	29742	30281	Sat4A_AGly
p_363	30374	31163	Aph3-III_AGly
p_3655	1477	2207	ErmC_MLS
p_3662	1768	2448	ErmC_MLS
p_3663	7420	8785	TetK_Tet
p_3664	1222	2579	TetK_Tet
p_3666	997	1728	ErmC_MLS
p_3667	19070	19967	MphC_MLS
p_3667	17518	18972	MsrA_MLS
p_3673	13750	14588	BlaZ_Bla
p_3677	2163	3720	VgaA_MLS
p_3678	1634	2363	ErmC_MLS
p_3683	1655	2998	TetL_Tet
p_3685	455	2005	VgaA_MLS
p_3686	3021	3918	MphC_MLS
p_3686	1465	2923	MsrA_MLS
p_3687	23880	24719	BlaZ_Bla
p_3689	3651	4960	TetK_Tet
p_3697	1607	2337	ErmC_MLS
p_3698	2028	3447	Aac6-Aph2_AGly
p_3700	31616	32411	OXA-48_Bla
p_3700	36805	37631	OXA-1_Bla
p_3700	36042	36669	CatBx_Phe
p_3700	37759	38271	AacAad_AGly
p_3701	337	1521	Tet-39_Tet
p_3712	15872	17294	Aac6-Aph2_AGly
p_3715	4030	5587	VgaA_MLS
p_3724	1439	2165	ErmC_MLS
p_3727	173978	174882	MphA_MLS
p_3727	17153	18011	SHV-OKP-LEN_Bla
p_3729	41910	42745	StrB_AGly
p_3729	42745	43546	StrA_AGly
p_3729	39699	40554	TEM-1D_Bla
p_3729	43607	44418	SulII_Sul
p_3733	2332	3230	MphC_MLS
p_3733	3329	4788	MsrA_MLS
p_3734	735	2291	VgaA_MLS
p_373	152733	153339	VanX-M_Gly
p_373	154360	155324	VanH-Pt_Gly
p_373	151399	152306	VanY-A_Gly
p_373	155537	156684	VanS-A_Gly
p_373	156662	157352	VanR-A_Gly
p_373	153345	154367	VanA_Gly
p_373	134792	136218	Aac6-Aph2_AGly
p_3743	14086	15513	Aac6-Aph2_AGly
p_3744	1481	2212	ErmC_MLS
p_3745	13014	13911	MphC_MLS
p_3745	11464	12916	MsrA_MLS
p_3748	2690	3584	MphC_MLS
p_3748	1128	2591	MsrA_MLS
p_3754	18724	19355	CatBx_Phe
p_3754	19490	20314	OXA-1_Bla
p_3754	14303	15094	OXA-48_Bla
p_3754	20444	20958	AacAad_AGly
p_375	995	2355	TetK_Tet
p_3762	3578	4478	MphC_MLS
p_3762	2024	3480	MsrA_MLS
p_3769	6077	6847	AadD_AGly
p_3777	61	1429	TetK_Tet
p_3778	23019	25013	MECA_Bla
p_3778	2579	3946	TetK_Tet
p_3778	17128	17969	BlaZ_Bla
p_3779	16616	18609	MECA_Bla
p_3779	10369	11733	TetK_Tet
p_3780	4410	5248	BlaZ_Bla
p_3782	12932	13496	AacAad_AGly
p_3786	1484	2215	ErmC_MLS
p_3796	68809	69712	MphA_MLS
p_3796	224603	224884	SHV-OKP-LEN_Bla
p_3796	224129	224594	SHV-OKP-LEN_Bla
p_379	11456	12223	AadD_AGly
p_379	13323	14053	ErmC_MLS
p_3805	1700	3065	TetK_Tet
p_3806	29238	30666	Aac6-Aph2_AGly
p_3807	26991	28908	TetS_Tet
p_3810	1652	2383	ErmC_MLS
p_3812	2407	3772	TetK_Tet
p_3813	45324	46786	MsrA_MLS
p_3813	50794	51637	BlaZ_Bla
p_3816	1466	2197	ErmC_MLS
p_381	1732	2432	ErmC_MLS
p_3820	662	1143	LnuA_MLS
p_3823	3322	4686	TetK_Tet
p_3824	12497	12979	DfrC_Tmt
p_3824	15024	15860	BlaZ_Bla
p_3834	63561	64396	StrB_AGly
p_3834	71612	72798	TetC_Tet
p_3834	62763	63561	StrA_AGly
p_3834	75597	77063	MsrE_MLS
p_3834	55540	56348	SulII_Sul
p_3834	74665	75542	MphE_MLS
p_3836	815	2181	TetK_Tet
p_3837	991	1721	ErmC_MLS
p_3841	3408	4771	TetK_Tet
p_3843	1672	2403	ErmC_MLS
p_3854	132830	134256	Aac6-Aph2_AGly
p_3855	23753	24658	Ant6-Ia_AGly
p_3855	19847	20637	Aph3-III_AGly
p_3855	18370	19104	ErmB_MLS
p_385	5869	6699	BlaZ_Bla
p_3869	1089	1568	LnuA_MLS
p_386	171188	172092	MphA_MLS
p_386	15607	15888	SHV-OKP-LEN_Bla
p_386	15897	16364	SHV-OKP-LEN_Bla
p_3871	2608	3971	TetK_Tet
p_3872	10576	11413	BlaZ_Bla
p_3873	1142	1785	CatA_Phe
p_3879	13250	14591	TetL_Tet
p_3885	7645	8486	BlaZ_Bla
p_3886	14674	15512	BlaZ_Bla
p_3888	19435	20273	BlaZ_Bla
p_3889	2043	2882	BlaZ_Bla
p_388	1113	1580	LnuA_MLS
p_3890	17123	18020	MphC_MLS
p_3890	15570	17025	MsrA_MLS
p_3891	12149	12919	AadD_AGly
p_3891	10445	11816	TetL_Tet
p_3891	17165	17799	Far1_Fcd
p_3891	9413	10142	ErmC_MLS
p_3893	711	2249	VgaA_MLS
p_3896	14934	15840	Ant6-Ia_AGly
p_3896	16467	17257	Aph3-III_AGly
p_3896	10986	11718	ErmB_MLS
p_3896	15837	16374	Sat4A_AGly
p_3899	14472	15242	AadD_AGly
p_390	18090	19453	TetK_Tet
p_3911	12469	13328	SHV-OKP-LEN_Bla
p_3913	1736	2466	ErmC_MLS
p_3917	7990	8890	MphC_MLS
p_3917	6435	7892	MsrA_MLS
p_391	17854	19277	Aac6-Aph2_AGly
p_391	9583	11126	VgaA_MLS
p_3920	9122	9606	DfrC_Tmt
p_3920	6239	7076	BlaZ_Bla
p_3921	10503	11400	MphC_MLS
p_3921	11498	12947	MsrA_MLS
p_3930	545	1024	LnuA_MLS
p_3931	145989	146893	MphA_MLS
p_3931	64307	64588	SHV-OKP-LEN_Bla
p_3931	63830	64298	SHV-OKP-LEN_Bla
p_3932	71361	72195	StrB_AGly
p_3932	72195	72994	StrA_AGly
p_3932	69155	70008	TEM-1D_Bla
p_3932	73055	73863	SulII_Sul
p_3935	79118	79977	SHV-OKP-LEN_Bla
p_3935	67436	68707	TetA_Tet
p_3935	59312	60138	OXA-1_Bla
p_3935	58666	59183	AacAad_AGly
p_3935	61573	62430	Aac3-IIa_AGly
p_3935	60274	60819	CatBx_Phe
p_3935	76867	77540	QnrB_Flq
p_3942	28637	29985	TetL_Tet
p_3945	1068	1798	ErmC_MLS
p_3946	13643	14540	MphC_MLS
p_3946	14638	16092	MsrA_MLS
p_3947	12318	13674	TetK_Tet
p_3957	10223	11569	TetL_Tet
p_3958	4613	5146	AadB_AGly
p_3960	17281	18626	TetL_Tet
p_3962	464	1195	ErmC_MLS
p_3964	996	2361	TetK_Tet
p_396	1051	2595	VgaA_MLS
p_3978	1281	2011	ErmC_MLS
p_3979	20601	21232	CatBx_Phe
p_3979	24867	25660	OXA-48_Bla
p_3979	19641	20466	OXA-1_Bla
p_3979	18996	19511	AacAad_AGly
p_397	1017	1747	ErmC_MLS
p_3982	33095	34002	Ant6-Ia_AGly
p_3982	33999	34539	Sat4A_AGly
p_3982	60496	62414	TetS_Tet
p_3982	49220	50591	TetL_Tet
p_3982	34632	35422	Aph3-III_AGly
p_3982	36165	36900	ErmB_MLS
p_3982	46303	46797	Dfr_Tmt
p_3982	20451	21881	Aac6-Aph2_AGly
p_3982	26227	26961	ErmB_MLS
p_3988	114	645	AadB_AGly
p_3989	8262	9446	Tet-39_Tet
p_3990	9809	10990	Tet-39_Tet
p_3998	1	1508	VgaA_MLS
p_39	39	769	ErmC_MLS
p_4001	2126	3025	MphC_MLS
p_4001	17467	18365	MphC_MLS
p_4001	3123	4581	MsrA_MLS
p_4001	18463	19922	MsrA_MLS
p_4002	1693	2174	LnuA_MLS
p_4006	3894	4427	AadB_AGly
p_4013	327886	328724	SulI_Sul
p_4013	326603	327382	AadA_AGly
p_4026	20642	21435	Aph3-III_AGly
p_4026	22063	22968	Ant6-Ia_AGly
p_4026	21527	22066	Sat4A_AGly
p_4026	26203	26933	ErmB_MLS
p_402	26198	26966	AadD_AGly
p_4030	10090	10987	MphC_MLS
p_4030	8537	9991	MsrA_MLS
p_403	2922	3455	AadB_AGly
p_4040	14045	14879	BlaZ_Bla
p_4040	12093	12563	LnuA_MLS
p_4040	6798	8129	TetK_Tet
p_4056	46485	47116	CatBx_Phe
p_4056	50746	51536	OXA-48_Bla
p_4056	44904	45419	AacAad_AGly
p_4056	45549	46370	OXA-1_Bla
p_405	1988	2755	AadD_AGly
p_405	5482	6359	MphC_MLS
p_405	4023	5384	MsrA_MLS
p_4068	651	1380	ErmC_MLS
p_4069	1338	2068	ErmC_MLS
p_406	997	2180	Tet-39_Tet
p_4071	15388	16226	BlaZ_Bla
p_4075	38687	39525	SulI_Sul
p_4075	35251	36050	OXA-7_Bla
p_4075	36072	36636	AacAad_AGly
p_4075	36901	38155	CmlA_Phe
p_4077	502	2053	VgaA_MLS
p_4080	3821	4590	AadD_AGly
p_4081	1745	2228	LnuA_MLS
p_4083	15651	16419	AadD_AGly
p_4083	7536	8898	TetK_Tet
p_4083	17426	18265	BlaZ_Bla
p_4086	1546	2276	ErmC_MLS
p_4087	4790	5690	MphC_MLS
p_4087	3235	4692	MsrA_MLS
p_408	17911	18807	MphC_MLS
p_408	16362	17814	MsrA_MLS
p_4094	56225	57036	SulII_Sul
p_4098	140351	141501	VanS-A_Gly
p_4098	139680	140371	VanR-A_Gly
p_4099	1123	1854	ErmC_MLS
p_4103	12651	13488	BlaZ_Bla
p_4105	701	1182	LnuA_MLS
p_4107	3887	4532	CatA_Phe
p_4108	29625	31079	MsrA_MLS
p_4108	12255	13618	TetK_Tet
p_411	15883	16781	MphC_MLS
p_411	16878	18333	MsrA_MLS
p_4120	1673	2404	ErmC_MLS
p_4122	1489	2854	TetK_Tet
p_412	9826	11281	MsrA_MLS
p_412	4988	5827	BlaZ_Bla
p_4148	18894	19664	AadD_AGly
p_4148	4736	6098	TetK_Tet
p_414	1980	3339	TetK_Tet
p_4165	9278	10461	Tet-39_Tet
p_4187	985	2400	Aac6-Aph2_AGly
p_418	52367	53167	StrA_AGly
p_418	53167	54001	StrB_AGly
p_4190	1359	2087	ErmC_MLS
p_4192	3752	5167	Aac6-Aph2_AGly
p_4193	2300	3662	TetK_Tet
p_4203	51713	52344	CatBx_Phe
p_4203	47289	48081	OXA-48_Bla
p_4203	52477	53301	OXA-1_Bla
p_4203	53431	53945	AacAad_AGly
p_4207	2542	3187	CatA_Phe
p_4208	2247	2888	CatA_Phe
p_4211	17638	18535	MphC_MLS
p_4211	18874	20323	MsrA_MLS
p_4215	16010	16849	BlaZ_Bla
p_4219	18319	19874	VgaA_MLS
p_4227	10450	11220	AadD_AGly
p_4231	1720	2444	ErmC_MLS
p_4234	9	492	LnuA_MLS
p_4235	926	1656	ErmC_MLS
p_4236	15600	16495	MphC_MLS
p_4236	12029	12791	AadD_AGly
p_4236	14054	15502	MsrA_MLS
p_4241	9814	11158	TetL_Tet
p_4248	2394	3759	TetK_Tet
p_4249	1300	2029	ErmC_MLS
p_4252	2962	4417	MsrA_MLS
p_4252	8418	9253	BlaZ_Bla
p_4261	66559	67394	StrB_AGly
p_4261	65759	66559	StrA_AGly
p_4261	68749	69605	TEM-1D_Bla
p_4261	64887	65698	SulII_Sul
p_4262	57405	58309	MphA_MLS
p_4262	137997	138854	SHV-OKP-LEN_Bla
p_4269	22826	23467	CatA_Phe
p_4269	23647	25061	Aac6-Aph2_AGly
p_4271	1311	2042	ErmC_MLS
p_4272	5061	6515	MsrA_MLS
p_4276	30899	31796	MphC_MLS
p_4276	31894	33349	MsrA_MLS
p_4277	10157	11518	TetK_Tet
p_4277	7471	8310	BlaZ_Bla
p_4292	1133	1863	ErmC_MLS
p_4299	2335	2977	CatA_Phe
p_4302	174368	174974	VanX-M_Gly
p_4302	175993	176956	VanH-Pt_Gly
p_4302	177169	178315	VanS-A_Gly
p_4302	173044	173949	VanY-A_Gly
p_4302	178293	178981	VanR-A_Gly
p_4302	156523	157945	Aac6-Aph2_AGly
p_4302	174980	176000	VanA_Gly
p_4325	21651	22550	MphC_MLS
p_4325	20097	21553	MsrA_MLS
p_4326	1132	1863	ErmC_MLS
p_4327	2900	4267	TetK_Tet
p_432	1200	1931	ErmC_MLS
p_4330	14535	15374	BlaZ_Bla
p_4331	19544	20380	BlaZ_Bla
p_4333	1063	1793	ErmC_MLS
p_4334	23808	24706	MphC_MLS
p_4334	22255	23710	MsrA_MLS
p_4336	1621	2984	TetK_Tet
p_4338	1525	2255	ErmC_MLS
p_4339	2377	3924	VgaA_MLS
p_4348	3611	4256	CatA_Phe
p_4348	6139	7565	Aac6-Aph2_AGly
p_4350	1734	2397	ErmC_MLS
p_4351	1474	2994	VgaA_MLS
p_4353	52950	53820	CTX-M-1_Bla
p_4354	7861	8696	StrB_AGly
p_4354	99336	100803	MsrE_MLS
p_4354	8696	9493	StrA_AGly
p_4354	100858	101736	MphE_MLS
p_4354	15903	16711	SulII_Sul
p_4364	10730	11588	SHV-OKP-LEN_Bla
p_4364	24708	25225	AacAad_AGly
p_4364	23076	23621	CatBx_Phe
p_4364	23756	24578	OXA-1_Bla
p_4364	21469	22321	Aac3-IIa_AGly
p_4364	34141	34607	DfrA5_Tmt
p_4364	13155	13823	QnrB_Flq
p_4369	3167	4536	TetL_Tet
p_4369	30342	31711	TetL_Tet
p_4369	4729	6639	TetM_Tet
p_4369	31997	33750	TetM_Tet
p_4380	8850	9617	AadD_AGly
p_4380	25780	27207	Aac6-Aph2_AGly
p_4380	13329	14059	ErmC_MLS
p_4380	5422	6784	TetK_Tet
p_4380	10720	11202	LnuA_MLS
p_4383	58493	59022	AadB_AGly
p_4383	81291	82137	Aac3-IIa_AGly
p_4386	1053	1782	ErmC_MLS
p_4390	4751	5395	CatA_Phe
p_4390	1432	2860	Aac6-Aph2_AGly
p_4393	1341	1984	CatA_Phe
p_4394	2403	3237	BlaZ_Bla
p_4395	778	2135	TetK_Tet
p_43	10495	11855	TetK_Tet
p_43	57	815	AadD_AGly
p_43	6446	7075	Far1_Fcd
p_43	27303	28139	BlaZ_Bla
p_4401	13754	14650	MphC_MLS
p_4401	12206	13656	MsrA_MLS
p_4403	645	1376	ErmC_MLS
p_4404	19053	19891	BlaZ_Bla
p_4406	1322	2052	ErmC_MLS
p_4406	3654	4384	ErmC_MLS
p_4408	4907	5743	BlaZ_Bla
p_440	5223	6572	MsrE_MLS
p_440	4288	5167	MphE_MLS
p_4412	3507	5060	VgaA_MLS
p_4418	34788	36247	MsrA_MLS
p_4418	16688	17527	BlaZ_Bla
p_4423	934	1665	ErmC_MLS
p_4428	973	1705	ErmC_MLS
p_4429	5915	6812	MphC_MLS
p_4429	2321	3089	AadD_AGly
p_4429	4360	5817	MsrA_MLS
p_4430	1540	2184	CatA_Phe
p_4432	5293	5777	DfrC_Tmt
p_4432	2408	3246	BlaZ_Bla
p_4434	3643	4483	BlaZ_Bla
p_4436	3684	5096	Aac6-Aph2_AGly
p_4438	913	1443	AadB_AGly
p_4440	1835	3384	VgaA_MLS
p_4445	14475	15311	BlaZ_Bla
p_4446	1411	2143	ErmC_MLS
p_4448	11281	11912	CatBx_Phe
p_4448	6853	7647	OXA-48_Bla
p_4448	12047	12872	OXA-1_Bla
p_4448	13001	13516	AacAad_AGly
p_4449	22640	23295	Qnr-S_Flq
p_4449	29480	30668	TetC_Tet
p_4449	35246	36046	StrA_AGly
p_4449	36046	36881	StrB_AGly
p_4453	11152	12050	MphC_MLS
p_4453	9600	11054	MsrA_MLS
p_4455	14812	15581	AadD_AGly
p_4455	11385	12746	TetK_Tet
p_4455	16735	17217	LnuA_MLS
p_4457	2073	2713	CatA_Phe
p_4457	14082	14921	BlaZ_Bla
p_4460	5052	5583	AadB_AGly
p_4461	19361	20541	Tet-39_Tet
p_4461	33970	35149	Tet-39_Tet
p_4461	13920	15098	Tet-39_Tet
p_4461	28535	29713	Tet-39_Tet
p_4461	4834	5934	Tet-39_Tet
p_4465	655	1385	ErmC_MLS
p_4474	25097	25636	Sat4A_AGly
p_4474	8923	10477	VgaA_MLS
p_4494	2009	3373	TetK_Tet
p_4496	232	959	ErmC_MLS
p_4499	581	2134	VgaA_MLS
p_4501	11721	13086	TetK_Tet
p_4505	13406	14176	AadD_AGly
p_4505	14509	15877	TetL_Tet
p_4505	8517	9153	Far1_Fcd
p_4505	16181	16911	ErmC_MLS
p_4515	18343	19799	MsrA_MLS
p_4515	11413	12057	CatA_Phe
p_4515	6944	8307	TetK_Tet
p_4515	13493	14330	BlaZ_Bla
p_4516	3658	4497	BlaZ_Bla
p_4518	1523	2943	Aac6-Aph2_AGly
p_4519	6581	7479	MphC_MLS
p_4519	5027	6483	MsrA_MLS
p_4520	2484	2967	DfrC_Tmt
p_4520	5012	5850	BlaZ_Bla
p_4526	7920	8690	AadD_AGly
p_4527	4552	5194	CatA_Phe
p_4527	1577	3002	Aac6-Aph2_AGly
p_4527	16540	17377	BlaZ_Bla
p_4530	982	1713	ErmC_MLS
p_4545	14078	15416	TetL_Tet
p_4552	2312	2953	CatA_Phe
p_4553	1984	3350	TetK_Tet
p_4553	5252	6619	TetK_Tet
p_4554	3889	4658	AadD_AGly
p_4560	20389	21225	BlaZ_Bla
p_4575	1297	2028	ErmC_MLS
p_4578	1522	2253	ErmC_MLS
p_4581	13959	14857	MphC_MLS
p_4581	14956	16414	MsrA_MLS
p_4589	4437	5621	Tet-39_Tet
p_4594	405	1135	ErmC_MLS
p_4595	33964	35325	TetK_Tet
p_4595	307	1146	BlaZ_Bla
p_4605	12297	13067	AadD_AGly
p_4619	107153	107987	StrB_AGly
p_4619	107987	108786	StrA_AGly
p_4621	2224	3061	BlaZ_Bla
p_4624	9494	10835	TetL_Tet
p_4635	17667	18504	BlaZ_Bla
p_4636	8318	9868	VgaA_MLS
p_4637	3996	4833	BlaZ_Bla
p_4638	3228	4778	VgaA_MLS
p_4641	14923	15821	MphC_MLS
p_4641	15919	17373	MsrA_MLS
p_4644	20700	21467	AadD_AGly
p_4644	16264	16994	ErmC_MLS
p_4644	23527	24887	TetK_Tet
p_4644	19123	19602	LnuA_MLS
p_4644	3234	4634	Aac6-Aph2_AGly
p_4648	27941	29294	TetL_Tet
p_4655	155	1046	MphC_MLS
p_4655	21548	22934	MsrA_MLS
p_4656	17335	18175	BlaZ_Bla
p_4658	929	2293	TetK_Tet
p_465	36669	38588	TetS_Tet
p_465	46247	46891	CatA_Phe
p_465	31529	32957	Aac6-Aph2_AGly
p_465	13806	14539	ErmB_MLS
p_4669	23366	24270	Ant6-Ia_AGly
p_4669	21950	22739	Aph3-III_AGly
p_4669	17499	18231	ErmB_MLS
p_4669	22830	23369	Sat4A_AGly
p_4670	1750	2443	ErmC_MLS
p_4672	6019	7571	VgaA_MLS
p_4673	2842	3680	Str_AGly
p_4686	1811	3178	TetK_Tet
p_4687	3477	4844	TetK_Tet
p_4695	190	1715	VgaA_MLS
p_4697	2387	3284	MphC_MLS
p_4697	839	2289	MsrA_MLS
p_4701	8950	9848	MphC_MLS
p_4701	9947	11402	MsrA_MLS
p_4710	112933	113429	DfrA_Tmt
p_4710	88358	88830	DfrA1_Tmt
p_4710	101879	102717	SulI_Sul
p_4710	113846	114625	AadA_AGly
p_4710	86323	86977	Qnr-S_Flq
p_4710	129579	130367	SulIII_Sul
p_4710	89977	91248	TetA_Tet
p_4710	133281	134094	Aph3''Ia_AGly
p_4710	127108	127907	AadA_AGly
p_4710	122587	123796	FloR_Phe
p_4710	109515	110159	QnrB_Flq
p_4710	104290	105421	DHA_Bla
p_4722	2971	4157	Tet-39_Tet
p_4723	7430	8614	Tet-39_Tet
p_4739	16557	17463	Ant6-Ia_AGly
p_4739	16022	16560	Sat4A_AGly
p_4739	15141	15929	Aph3-III_AGly
p_4739	20684	21415	ErmB_MLS
p_473	2191	2831	CatA_Phe
p_4748	19041	19579	Sat4A_AGly
p_4748	19672	20459	Aph3-III_AGly
p_4748	2969	4507	VgaA_MLS
p_4749	11932	13355	Aac6-Aph2_AGly
p_4751	25342	26240	MphC_MLS
p_4751	23787	25245	MsrA_MLS
p_4752	11188	11752	AacAad_AGly
p_4756	26327	27096	AadD_AGly
p_4762	1832	2314	LnuA_MLS
p_4785	22165	23064	MphC_MLS
p_4785	23161	24609	MsrA_MLS
p_4790	3321	4689	TetK_Tet
p_479	11399	12236	BlaZ_Bla
p_4812	30055	30962	Ant6-Ia_AGly
p_4812	26148	26937	Aph3-III_AGly
p_4812	24667	25401	ErmB_MLS
p_4814	721	1452	ErmC_MLS
p_4817	4413	5969	VgaA_MLS
p_481	2539	3901	TetK_Tet
p_4825	3407	4775	TetK_Tet
p_482	18149	19046	MphC_MLS
p_482	19145	20599	MsrA_MLS
p_4830	30563	31928	TetK_Tet
p_4836	37115	37882	AadD_AGly
p_4836	35417	36784	TetL_Tet
p_4836	42104	42737	Far1_Fcd
p_4836	34390	35117	ErmC_MLS
p_4841	1465	2192	ErmC_MLS
p_4842	1196	1926	ErmC_MLS
p_4844	28501	29851	TetL_Tet
p_4858	8320	9087	AadD_AGly
p_4858	4897	6258	TetK_Tet
p_4858	10201	10677	LnuA_MLS
p_4859	24432	25612	Tet-39_Tet
p_4859	10925	12097	Tet-39_Tet
p_4859	33466	34630	Tet-39_Tet
p_4862	11719	12559	BlaZ_Bla
p_4865	19719	20202	DfrC_Tmt
p_4865	21986	22824	BlaZ_Bla
p_4875	5472	6005	AadB_AGly
p_4877	36666	37465	AadA_AGly
p_4877	39133	39919	SulIII_Sul
p_4877	25168	25973	Aph3''Ia_AGly
p_4880	1670	2203	AadB_AGly
p_4883	6165	7349	Tet-39_Tet
p_4885	109242	109976	ErmB_MLS
p_4885	114162	115590	Aac6-Aph2_AGly
p_4887	1055	2422	TetK_Tet
p_4900	307	1140	StrB_AGly
p_4901	1232	1963	ErmC_MLS
p_4909	261	991	ErmC_MLS
p_4910	1146	1877	ErmC_MLS
p_4911	4799	5706	Ant6-Ia_AGly
p_4911	3378	4170	Aph3-III_AGly
p_4911	8944	9678	ErmB_MLS
p_4911	4263	4802	Sat4A_AGly
p_4929	1682	2413	ErmC_MLS
p_4931	2502	3866	TetK_Tet
p_4933	84	565	LnuA_MLS
p_4935	19746	20516	AadD_AGly
p_4935	22584	23950	TetK_Tet
p_4935	26374	26856	LnuA_MLS
p_493	121521	122791	TetA_Tet
p_493	113419	114245	OXA-1_Bla
p_493	115674	116530	Aac3-IIa_AGly
p_493	114377	114920	CatBx_Phe
p_493	112775	113289	AacAad_AGly
p_493	133651	133929	SHV-OKP-LEN_Bla
p_493	130918	131587	QnrB_Flq
p_493	133181	133642	SHV-OKP-LEN_Bla
p_4940	1321	2051	ErmC_MLS
p_4962	19373	20210	BlaZ_Bla
p_4964	10773	11611	BlaZ_Bla
p_4966	1024	1755	ErmC_MLS
p_4987	1088	2456	TetK_Tet
p_4988	83	558	LnuA_MLS
p_4991	134	617	LnuA_MLS
p_4995	1258	2625	TetK_Tet
p_49	7282	8464	Tet-39_Tet
p_5000	5010	5849	BlaZ_Bla
p_5009	249	869	CatA_Phe
p_5010	2828	3471	CatA_Phe
p_5020	4207	4738	AadB_AGly
p_5022	1232	1962	ErmC_MLS
p_5024	9011	9910	MphC_MLS
p_5024	7460	8913	MsrA_MLS
p_5036	8397	9210	Aph3-Ib_AGly
p_5036	11892	12748	GES_Bla
p_5050	34516	35057	Sat4A_AGly
p_5050	35054	35960	Ant6-Ia_AGly
p_5050	33632	34423	Aph3-III_AGly
p_5050	676	1404	ErmB_MLS
p_5051	39410	40317	Ant6-Ia_AGly
p_5051	35496	36287	Aph3-III_AGly
p_5051	145356	146783	Aac6-Aph2_AGly
p_5051	34019	34752	ErmB_MLS
p_5057	24732	25570	BlaZ_Bla
p_5059	39451	40220	AadD_AGly
p_5059	33166	33797	Far1_Fcd
p_5059	28386	29743	TetK_Tet
p_5059	41224	42061	BlaZ_Bla
p_5060	305	1034	ErmC_MLS
p_5064	5551	7105	VgaA_MLS
p_5066	35904	36509	AacAad_AGly
p_5066	27207	28064	SHV-OKP-LEN_Bla
p_5066	37410	38161	OXA-9_Bla
p_5066	36563	37365	AadA_AGly
p_5069	37618	38456	SulI_Sul
p_5069	34180	34979	OXA-7_Bla
p_5069	35001	35565	AacAad_AGly
p_5069	35831	37086	CmlA_Phe
p_506	1075	1806	ErmC_MLS
p_5072	25056	25588	AadB_AGly
p_5072	6738	7997	TetA_Tet
p_5077	1143	1874	ErmC_MLS
p_5078	27678	28577	MphC_MLS
p_5080	714	1549	BlaZ_Bla
p_5082	79165	79965	StrA_AGly
p_5082	79965	80798	StrB_AGly
p_5082	82154	83009	TEM-1D_Bla
p_5082	78293	79104	SulII_Sul
p_5083	213268	214173	MphA_MLS
p_5083	9860	10719	SHV-OKP-LEN_Bla
p_5084	14932	15465	AadB_AGly
p_5084	37922	38778	Aac3-IIa_AGly
p_5102	18820	19717	MphC_MLS
p_5102	17270	18724	MsrA_MLS
p_5103	54965	55869	MphA_MLS
p_5103	210757	211616	SHV-OKP-LEN_Bla
p_5105	17525	18364	BlaZ_Bla
p_5109	26901	27671	AadD_AGly
p_5109	3221	4058	BlaZ_Bla
p_5119	113987	114593	VanX-M_Gly
p_5119	116788	117938	VanS-A_Gly
p_5119	115611	116574	VanH-Pt_Gly
p_5119	112655	113561	VanY-A_Gly
p_5119	117916	118606	VanR-A_Gly
p_5119	96047	97476	Aac6-Aph2_AGly
p_5119	114599	115618	VanA_Gly
p_5138	212806	213451	CatA_Phe
p_5138	211197	212626	Aac6-Aph2_AGly
p_5144	3124	3957	BlaZ_Bla
p_5145	12323	13220	MphC_MLS
p_5145	13318	14768	MsrA_MLS
p_514	891	1621	ErmC_MLS
p_5155	1115	1846	ErmC_MLS
p_5160	11367	12206	BlaZ_Bla
p_5161	2502	3869	TetK_Tet
p_5165	6339	7796	MsrA_MLS
p_5167	20447	21344	MphC_MLS
p_5167	18895	20349	MsrA_MLS
p_5168	5575	6057	LnuA_MLS
p_5168	9546	10906	TetK_Tet
p_5168	3618	4446	BlaZ_Bla
p_5172	1324	2052	ErmC_MLS
p_5174	515	994	LnuA_MLS
p_5176	4347	5890	VgaA_MLS
p_5177	1538	2018	LnuA_MLS
p_5180	4617	5260	CatA_Phe
p_5188	1559	2041	LnuA_MLS
p_5189	2524	3888	TetK_Tet
p_5191	7250	8144	MphC_MLS
p_5191	10959	11724	AadD_AGly
p_5191	8242	9694	MsrA_MLS
p_5192	11623	12985	TetK_Tet
p_5192	8941	9779	BlaZ_Bla
p_5197	13870	14768	MphC_MLS
p_5197	14866	16321	MsrA_MLS
p_5198	12177	12945	AadD_AGly
p_5198	15010	16373	TetK_Tet
p_5198	10541	11024	LnuA_MLS
p_5199	9794	11138	TetL_Tet
p_5203	43418	44842	Aac6-Aph2_AGly
p_5209	25625	26108	DfrC_Tmt
p_5209	22793	23632	BlaZ_Bla
p_5210	1606	2964	TetK_Tet
p_5213	16729	17541	Aph3-Ib_AGly
p_5213	13193	14048	GES_Bla
p_5215	120058	120339	SHV-OKP-LEN_Bla
p_5215	37815	38716	MphA_MLS
p_5215	120348	120815	SHV-OKP-LEN_Bla
p_5217	1934	2576	CatA_Phe
p_521	1748	2406	ErmC_MLS
p_5231	851	2408	VgaA_MLS
p_5232	4902	5741	BlaZ_Bla
p_5233	841	1679	BlaZ_Bla
p_5233	4832	6259	Aac6-Aph2_AGly
p_5236	39735	40366	CatBx_Phe
p_5236	35311	36105	OXA-48_Bla
p_5236	41455	41972	AacAad_AGly
p_5236	40501	41326	OXA-1_Bla
p_523	1340	2070	ErmC_MLS
p_5244	4604	6029	VgaA_MLS
p_5246	27384	28154	AadD_AGly
p_5246	12743	14171	Aac6-Aph2_AGly
p_5246	23950	25316	TetK_Tet
p_5246	75	563	LnuA_MLS
p_5248	9389	10945	VgaA_MLS
p_524	1217	1948	ErmC_MLS
p_5251	49501	50132	CatBx_Phe
p_5251	48538	49365	OXA-1_Bla
p_5251	53767	54561	OXA-48_Bla
p_5251	47892	48408	AacAad_AGly
p_5256	56	544	LnuA_MLS
p_5257	3330	4697	TetK_Tet
p_5259	1653	3200	VgaA_MLS
p_5262	873	1511	CatA_Phe
p_5266	2320	3875	VgaA_MLS
p_526	3224	4131	Ant6-Ia_AGly
p_526	4128	4666	Sat4A_AGly
p_526	37743	38467	ErmB_MLS
p_526	4759	5545	Aph3-III_AGly
p_5273	66953	67482	AadB_AGly
p_5273	5897	6751	Aac3-IIa_AGly
p_5301	3086	3726	CatA_Phe
p_5305	11221	12643	Aac6-Aph2_AGly
p_5308	51943	52574	CatBx_Phe
p_5308	52708	53534	OXA-1_Bla
p_5308	47515	48308	OXA-48_Bla
p_5308	53664	54181	AacAad_AGly
p_5310	147944	148416	DfrA1_Tmt
p_5310	172316	173114	AadA_AGly
p_5310	145912	146566	Qnr-S_Flq
p_5310	149562	150833	TetA_Tet
p_5310	174781	175567	SulIII_Sul
p_5310	167809	169017	FloR_Phe
p_5310	178475	179287	Aph3''Ia_AGly
p_5315	206573	207213	QnrB_Flq
p_5316	177504	178205	SHV-OKP-LEN_Bla
p_5316	995	1629	QnrB_Flq
p_5326	93548	94153	AacAad_AGly
p_5326	84877	85734	SHV-OKP-LEN_Bla
p_5326	78068	78901	StrB_AGly
p_5326	95054	95805	OXA-9_Bla
p_5326	94207	95009	AadA_AGly
p_5326	78901	79698	StrA_AGly
p_5326	69212	70019	SulII_Sul
p_5328	3650	4944	TetK_Tet
p_5330	20963	21732	AadD_AGly
p_5332	20134	20973	BlaZ_Bla
p_5333	28032	29401	TetL_Tet
p_5333	24516	25970	MsrA_MLS
p_5334	16000	17424	Aac6-Aph2_AGly
p_5335	461	1105	CatA_Phe
p_5335	24814	26237	Aac6-Aph2_AGly
p_5335	12460	13297	BlaZ_Bla
p_5336	1473	2203	ErmC_MLS
p_5338	7176	7945	AadD_AGly
p_5349	39379	40147	AadD_AGly
p_5349	27747	29106	TetK_Tet
p_5349	43903	44741	BlaZ_Bla
p_5349	13198	14040	BlaZ_Bla
p_5352	145927	146832	VanY-A_Gly
p_5352	150054	151199	VanS-A_Gly
p_5352	147259	147864	VanX-M_Gly
p_5352	148882	149841	VanH-Pt_Gly
p_5352	151177	151864	VanR-A_Gly
p_5352	147870	148889	VanA_Gly
p_5352	129372	130792	Aac6-Aph2_AGly
p_5358	17182	18080	MphC_MLS
p_5358	18179	19635	MsrA_MLS
p_5360	4044	5599	VgaA_MLS
p_5362	24126	24896	AadD_AGly
p_5362	9497	10922	Aac6-Aph2_AGly
p_5362	20694	22059	TetK_Tet
p_5362	25999	26481	LnuA_MLS
p_5369	838	2202	TetK_Tet
p_5370	35251	36615	TetK_Tet
p_5372	4535	6090	VgaA_MLS
p_5385	1	752	BlaZ_Bla
p_5388	437	1986	VgaA_MLS
p_5396	3414	4781	TetK_Tet
p_5404	19012	20380	TetK_Tet
p_5404	30139	31567	Aac6-Aph2_AGly
p_5404	11732	12464	ErmC_MLS
p_5404	16182	16946	AadD_AGly
p_5404	14599	15080	LnuA_MLS
p_5413	9996	10854	SHV-OKP-LEN_Bla
p_5416	327	1167	BlaZ_Bla
p_5419	47603	48791	TetC_Tet
p_5419	56024	56858	StrB_AGly
p_5419	56858	57658	StrA_AGly
p_5419	43329	44798	MsrE_MLS
p_5419	64080	64891	SulII_Sul
p_5419	44854	45732	MphE_MLS
p_541	177545	178379	StrB_AGly
p_541	178379	179178	StrA_AGly
p_541	185479	186286	SulII_Sul
p_5421	88982	89587	AacAad_AGly
p_5421	97411	98269	SHV-OKP-LEN_Bla
p_5421	87330	88081	OXA-9_Bla
p_5421	88126	88928	AadA_AGly
p_5421	2065	2861	StrA_AGly
p_5421	11740	12547	SulII_Sul
p_5421	2861	3689	StrB_AGly
p_5427	3588	5144	VgaA_MLS
p_5430	1496	2226	ErmC_MLS
p_5433	13392	14161	AadD_AGly
p_5435	27016	27854	BlaZ_Bla
p_5437	11460	12889	Aac6-Aph2_AGly
p_5437	5783	6267	DfrC_Tmt
p_5437	18007	18847	BlaZ_Bla
p_5438	1618	2349	ErmC_MLS
p_5441	13496	14264	AadD_AGly
p_5442	2238	3073	BlaZ_Bla
p_5453	551	1912	TetK_Tet
p_5455	373	1209	BlaZ_Bla
p_5462	9105	9870	AadD_AGly
p_5462	7257	8094	BlaZ_Bla
p_5462	19580	20934	TetK_Tet
p_5462	15534	16162	Far1_Fcd
p_5468	1037	1679	CatA_Phe
p_5469	2535	3179	CatA_Phe
p_5470	1503	1983	LnuA_MLS
p_5471	1331	2062	ErmC_MLS
p_5472	963	1858	MphC_MLS
p_5473	12061	13426	TetK_Tet
p_5473	8535	9375	BlaZ_Bla
p_5475	1	715	ErmC_MLS
p_5482	9219	10555	TetL_Tet
p_5488	100441	101277	StrB_AGly
p_5488	92016	93204	TetC_Tet
p_5488	101277	102077	StrA_AGly
p_5488	87739	89209	MsrE_MLS
p_5488	89265	90144	MphE_MLS
p_5488	4229	5038	SulII_Sul
p_5491	11707	13127	Aac6-Aph2_AGly
p_549	9961	10798	BlaZ_Bla
p_5506	1065	1796	ErmC_MLS
p_5509	1400	2044	CatA_Phe
p_551	22449	23789	TetL_Tet
p_5529	1554	2284	ErmC_MLS
p_552	22891	23730	BlaZ_Bla
p_5532	1221	1953	ErmC_MLS
p_5534	2671	3316	CatA_Phe
p_5536	1559	2400	Str_AGly
p_5542	37012	37918	Ant6-Ia_AGly
p_5542	38546	39337	Aph3-III_AGly
p_5542	2827	3666	BlaZ_Bla
p_5542	37915	38453	Sat4A_AGly
p_5544	20646	21484	BlaZ_Bla
p_5556	702	1433	ErmC_MLS
p_5559	7721	8627	Ant6-Ia_AGly
p_5559	8624	9164	Sat4A_AGly
p_5559	9257	10048	Aph3-III_AGly
p_5559	3753	4485	ErmB_MLS
p_5561	1805	3169	TetK_Tet
p_5565	9200	9989	Aph3-III_AGly
p_5565	7670	8573	Ant6-Ia_AGly
p_5565	8570	9107	Sat4A_AGly
p_5565	3720	4451	ErmB_MLS
p_5571	752	2296	VgaA_MLS
p_5573	18470	19033	AacAad_AGly
p_5581	13541	14882	TetL_Tet
p_5583	9131	10479	TetL_Tet
p_5586	8157	9583	Aac6-Aph2_AGly
p_559	11358	12128	AadD_AGly
p_55	6520	7288	AadD_AGly
p_55	10842	11681	BlaZ_Bla
p_5603	607	2155	VgaA_MLS
p_5604	4146	4915	AadD_AGly
p_5605	838	1566	ErmC_MLS
p_5614	63238	63722	DfrC_Tmt
p_5614	34397	34880	DfrC_Tmt
p_5614	36924	37762	BlaZ_Bla
p_5614	1207	2046	BlaZ_Bla
p_5618	2609	3970	TetK_Tet
p_5626	435	1798	TetK_Tet
p_562	4592	5423	BlaZ_Bla
p_5632	110	840	ErmC_MLS
p_563	1443	2338	MphC_MLS
p_5648	4331	4864	AadB_AGly
p_564	6283	7120	BlaZ_Bla
p_5650	11865	13048	Tet-39_Tet
p_5652	895	2447	VgaA_MLS
p_5671	1859	2338	LnuA_MLS
p_5671	4281	4762	LnuA_MLS
p_5676	82855	83587	ErmB_MLS
p_5676	87758	89184	Aac6-Aph2_AGly
p_5677	2154	3516	TetK_Tet
p_5678	27074	27547	AacAad_AGly
p_5686	1237	1968	ErmC_MLS
p_5687	2026	2508	LnuA_MLS
p_5688	2420	3786	TetK_Tet
p_5691	7797	8693	MphC_MLS
p_5691	6245	7699	MsrA_MLS
p_5692	14199	15623	Aac6-Aph2_AGly
p_5697	7505	8039	Sat4A_AGly
p_5697	6628	7412	Aph3-III_AGly
p_5697	566	1402	BlaZ_Bla
p_5697	22419	23968	VgaA_MLS
p_5698	10148	11510	TetK_Tet
p_5698	27027	27865	BlaZ_Bla
p_5698	6099	6729	Far1_Fcd
p_5699	1385	2116	ErmC_MLS
p_569	2323	3766	MsrA_MLS
p_569	1354	2226	MphC_MLS
p_5700	856	1587	ErmC_MLS
p_5707	2700	4132	Aac6-Aph2_AGly
p_570	744	1226	LnuA_MLS
p_5713	44236	45028	Aph3-III_AGly
p_5713	41723	42628	Ant6-Ia_AGly
p_5713	32949	34319	TetL_Tet
p_5713	45771	46505	ErmB_MLS
p_5715	3181	4728	VgaA_MLS
p_5717	64404	65302	MphC_MLS
p_5717	18816	19582	AadD_AGly
p_5717	62853	64306	MsrA_MLS
p_5717	17122	18483	TetL_Tet
p_5717	23779	24409	Far1_Fcd
p_5717	16097	16826	ErmC_MLS
p_5718	4802	5335	AadB_AGly
p_5722	156320	156964	CatA_Phe
p_5722	157144	158572	Aac6-Aph2_AGly
p_5724	323	1869	VgaA_MLS
p_5730	1597	2327	ErmC_MLS
p_5740	3743	5259	VgaA_MLS
p_574	8629	9967	TetL_Tet
p_5760	2737	3368	CatBx_Phe
p_5760	65297	66091	OXA-48_Bla
p_5760	3504	4330	OXA-1_Bla
p_5760	4458	4975	AacAad_AGly
p_5778	1325	1807	LnuA_MLS
p_5779	2136	2778	CatA_Phe
p_5781	1835	3018	Tet-39_Tet
p_5793	1647	2337	ErmC_MLS
p_5796	16416	17255	BlaZ_Bla
p_57	1663	2394	ErmC_MLS
p_5801	393	926	AadB_AGly
p_5802	30399	32021	Mcr1_Colistin
p_5803	2816	3614	AadA_AGly
p_5803	39939	40793	TEM-1D_Bla
p_5803	377	1162	SulIII_Sul
p_5803	14299	15110	Aph3''Ia_AGly
p_5803	44040	44445	FosA_Fcyn
p_5805	26816	27288	DfrA1_Tmt
p_5805	46379	47166	SulIII_Sul
p_5805	42872	43684	Aph3''Ia_AGly
p_5805	28322	29155	SulI_Sul
p_5805	24412	25675	TetA_Tet
p_5805	48833	49626	AadA_AGly
p_5805	5698	6338	QnrB_Flq
p_5805	13050	13873	SulI_Sul
p_5805	10382	11490	DHA_Bla
p_5806	11928	13111	Tet-39_Tet
p_5807	14729	15566	BlaZ_Bla
p_5814	42573	43399	OXA-1_Bla
p_5814	43534	44080	CatBx_Phe
p_5814	41928	42444	AacAad_AGly
p_5819	21263	22030	AadD_AGly
p_5819	16862	17701	BlaZ_Bla
p_5820	377	1106	ErmC_MLS
p_5833	267	999	ErmC_MLS
p_5834	24507	25964	MsrA_MLS
p_5841	2869	3711	BlaZ_Bla
p_5844	191688	191969	SHV-OKP-LEN_Bla
p_5844	260985	261265	SHV-OKP-LEN_Bla
p_5845	9723	10493	AadD_AGly
p_5845	23687	25114	Aac6-Aph2_AGly
p_5845	12556	13921	TetK_Tet
p_5845	8140	8620	LnuA_MLS
p_5848	9404	10174	AadD_AGly
p_5848	23260	24099	BlaZ_Bla
p_584	20591	22013	Aac6-Aph2_AGly
p_584	1741	2577	BlaZ_Bla
p_5865	1696	2426	ErmC_MLS
p_5868	1432	2163	ErmC_MLS
p_5869	689	1334	CatA_Phe
p_586	725	1492	AadD_AGly
p_586	4304	5196	MphC_MLS
p_586	2759	4206	MsrA_MLS
p_5870	1864	2508	CatA_Phe
p_587	16580	17350	AadD_AGly
p_587	13154	14517	TetK_Tet
p_587	18450	18932	LnuA_MLS
p_5883	11050	11849	StrA_AGly
p_5883	10217	11050	StrB_AGly
p_5883	11910	12721	SulII_Sul
p_5883	8040	8788	TEM-1D_Bla
p_5885	196165	196446	SHV-OKP-LEN_Bla
p_5885	275915	276816	MphA_MLS
p_5885	195689	196156	SHV-OKP-LEN_Bla
p_5886	47458	47991	AadB_AGly
p_5886	24158	25014	Aac3-IIa_AGly
p_5888	1654	3071	Aac6-Aph2_AGly
p_5889	615	2159	VgaA_MLS
p_5893	74428	75285	SHV-OKP-LEN_Bla
p_5893	55726	56269	CatBx_Phe
p_5893	54134	54648	AacAad_AGly
p_5893	72181	72852	QnrB_Flq
p_5893	57024	57874	Aac3-IIa_AGly
p_5893	54775	55593	OXA-1_Bla
p_5893	62830	64079	TetA_Tet
p_5903	23459	24104	CatA_Phe
p_5903	31767	33686	TetS_Tet
p_5903	37392	38821	Aac6-Aph2_AGly
p_5903	55804	56536	ErmB_MLS
p_590	10503	11358	GES_Bla
p_590	14038	14847	Aph3-Ib_AGly
p_5911	1139	1869	ErmC_MLS
p_5912	1410	1893	LnuA_MLS
p_5925	1317	2047	ErmC_MLS
p_5933	30300	31135	StrB_AGly
p_5933	31135	31934	StrA_AGly
p_5937	517	1882	TetK_Tet
p_5944	6215	7051	BlaZ_Bla
p_5945	954	1784	BlaZ_Bla
p_5959	1654	2187	AadB_AGly
p_5962	56	1156	Tet-39_Tet
p_5963	10181	11365	Tet-39_Tet
p_5973	1186	1708	AadB_AGly
p_5974	1479	2012	AadB_AGly
p_5976	2581	3220	CatA_Phe
p_5978	3659	4839	Tet-39_Tet
p_5980	1043	1774	ErmC_MLS
p_5983	34154	35010	TEM-1D_Bla
p_5983	46077	46902	OXA-1_Bla
p_5983	32268	32920	Qnr-S_Flq
p_5983	37815	38684	CTX-M-1_Bla
p_5983	45402	45947	CatBx_Phe
p_5983	43793	44648	Aac3-IIa_AGly
p_5983	47032	47545	AacAad_AGly
p_5983	53402	54051	CatA1_Phe
p_5985	1916	2449	AadB_AGly
p_5988	9077	10261	Tet-39_Tet
p_59	1412	2778	TetK_Tet
p_6014	73713	74620	Ant6-Ia_AGly
p_6014	71311	72103	Aph3-III_AGly
p_6014	82016	83387	TetL_Tet
p_6014	69838	70570	ErmB_MLS
p_6019	1752	3278	VgaA_MLS
p_6021	13469	14308	BlaZ_Bla
p_6027	1294	2025	ErmC_MLS
p_6031	1827	2558	ErmC_MLS
p_6032	3614	4979	TetK_Tet
p_6034	9919	10649	ErmC_MLS
p_6046	34748	35220	DfrA1_Tmt
p_6046	182491	183290	AadA_AGly
p_6046	195719	196497	AadA_AGly
p_6046	205487	206265	AadA_AGly
p_6046	9061	9838	AadA_AGly
p_6046	180031	180819	SulIII_Sul
p_6046	32336	33606	TetA_Tet
p_6046	10252	10747	DfrA_Tmt
p_6046	196912	197407	DfrA_Tmt
p_6046	206679	207174	DfrA_Tmt
p_6046	20928	21763	SulI_Sul
p_6046	518	1012	DfrA_Tmt
p_6046	176311	177122	Aph3''Ia_AGly
p_6046	36593	37245	Qnr-S_Flq
p_6046	186591	187794	FloR_Phe
p_6046	13512	14152	QnrB_Flq
p_6046	18232	19359	DHA_Bla
p_604	2971	4343	TetK_Tet
p_6051	2097	3444	TetL_Tet
p_6058	1210	1941	ErmC_MLS
p_6059	501	1343	Str_AGly
p_6060	19052	20481	Aac6-Aph2_AGly
p_6065	9160	10059	MphC_MLS
p_6065	7602	9061	MsrA_MLS
p_6068	946	2310	TetK_Tet
p_6069	25039	25877	BlaZ_Bla
p_6070	990	1721	ErmC_MLS
p_6072	224	865	CatA_Phe
p_6088	1645	2376	ErmC_MLS
p_6091	2316	3681	TetK_Tet
p_6092	10732	12156	Aac6-Aph2_AGly
p_6092	19902	20384	LnuA_MLS
p_6093	2260	3627	TetK_Tet
p_6094	2832	4199	TetK_Tet
p_6095	9833	10672	BlaZ_Bla
p_6097	16448	17900	MsrA_MLS
p_6099	2406	3769	TetK_Tet
p_6100	14463	16453	MECA_Bla
p_6100	117	956	BlaZ_Bla
p_6108	5780	6515	ErmB_MLS
p_6108	40829	42741	TetS_Tet
p_6112	12527	13011	DfrC_Tmt
p_6112	15058	15896	BlaZ_Bla
p_6113	8165	8930	AadD_AGly
p_6118	30378	31281	MphA_MLS
p_6118	6309	6760	Arr_Rif
p_6118	7322	8161	SulI_Sul
p_6118	5593	6224	CatBx_Phe
p_6118	24264	25100	SulI_Sul
p_6118	3986	4503	AacAad_AGly
p_6118	41254	42089	StrB_AGly
p_6118	4633	5458	OXA-1_Bla
p_6118	42950	43760	SulII_Sul
p_6118	42089	42889	StrA_AGly
p_6118	16830	17472	QnrB_Flq
p_6118	35374	36549	TetD_Tet
p_6118	21564	22693	DHA_Bla
p_6118	33046	33512	DfrA5_Tmt
p_6135	1234	1965	ErmC_MLS
p_6136	1649	2380	ErmC_MLS
p_6137	4260	5099	BlaZ_Bla
p_6139	3881	5210	TetL_Tet
p_6145	70696	71602	Ant6-Ia_AGly
p_6145	66795	67584	Aph3-III_AGly
p_6145	65318	66051	ErmB_MLS
p_6145	176525	177948	Aac6-Aph2_AGly
p_6147	19791	20698	Ant6-Ia_AGly
p_6147	21326	22118	Aph3-III_AGly
p_6147	15824	16558	ErmB_MLS
p_6147	20695	21233	Sat4A_AGly
p_6153	32593	33451	SHV-OKP-LEN_Bla
p_6153	12791	13617	OXA-1_Bla
p_6153	13752	14298	CatBx_Phe
p_6153	20916	22186	TetA_Tet
p_6153	15053	15909	Aac3-IIa_AGly
p_6153	12146	12661	AacAad_AGly
p_6153	30344	31017	QnrB_Flq
p_6171	1181	1713	AadB_AGly
p_6179	2166	3521	TetK_Tet
p_6190	8926	10263	TetL_Tet
p_6191	4268	5449	Tet-39_Tet
p_6194	9125	9895	AadD_AGly
p_6194	7486	7969	LnuA_MLS
p_6194	11963	13324	TetK_Tet
p_6201	2552	3391	BlaZ_Bla
p_6202	12018	13425	Aac6-Aph2_AGly
p_6207	13665	15653	MECA_Bla
p_6207	11128	12553	Aac6-Aph2_AGly
p_6207	17356	17836	LnuA_MLS
p_6207	8841	9322	DfrC_Tmt
p_6208	3201	3846	CatA_Phe
p_6209	69	708	CatA_Phe
p_6212	3299	4853	VgaA_MLS
p_6218	579	1218	CatA_Phe
p_621	3369	4733	TetK_Tet
p_6221	3496	4858	TetK_Tet
p_6226	10414	11019	AacAad_AGly
p_6226	1730	2587	SHV-OKP-LEN_Bla
p_6226	11072	11874	AadA_AGly
p_6226	11919	12669	OXA-9_Bla
p_6230	194634	195434	OXA-7_Bla
p_6230	191160	191997	SulI_Sul
p_6230	194048	194612	AacAad_AGly
p_6230	192529	193783	CmlA_Phe
p_6232	1261	1992	ErmC_MLS
p_6234	25859	27200	TetL_Tet
p_6235	1417	2148	ErmC_MLS
p_6240	4333	5876	VgaA_MLS
p_624	3594	4909	TetK_Tet
p_6258	1560	2291	ErmC_MLS
p_6261	9698	10535	BlaZ_Bla
p_6262	10781	11265	DfrC_Tmt
p_6262	13312	14151	BlaZ_Bla
p_6280	977	2526	VgaA_MLS
p_6282	19743	20649	Ant6-Ia_AGly
p_6282	18324	19115	Aph3-III_AGly
p_6282	19208	19746	Sat4A_AGly
p_6282	23890	24622	ErmB_MLS
p_6283	3822	4467	CatA_Phe
p_6287	10895	12348	MsrA_MLS
p_6289	11247	12083	BlaZ_Bla
p_6290	17417	17953	Sat4A_AGly
p_6290	16540	17325	Aph3-III_AGly
p_6290	6719	8267	VgaA_MLS
p_6298	347	1252	Ant6-Ia_AGly
p_6298	34307	35098	Aph3-III_AGly
p_6298	4484	5218	ErmB_MLS
p_629	15703	16539	BlaZ_Bla
p_6310	3715	4523	SulII_Sul
p_631	1612	2342	ErmC_MLS
p_6322	1330	2060	ErmC_MLS
p_632	1272	2632	TetK_Tet
p_6331	1103	1831	ErmC_MLS
p_6332	2220	3566	TetK_Tet
p_6333	9191	10645	MsrA_MLS
p_6334	8304	9071	AadD_AGly
p_6339	12617	13457	BlaZ_Bla
p_6341	12016	13441	Aac6-Aph2_AGly
p_634	8767	10112	TetL_Tet
p_6354	3150	3757	VanX-M_Gly
p_6354	4777	5739	VanH-Pt_Gly
p_6354	1192	2097	VanY-A_Gly
p_6354	5952	7098	VanS-A_Gly
p_6354	3763	4784	VanA_Gly
p_6354	7076	7763	VanR-A_Gly
p_6359	1298	2027	ErmC_MLS
p_635	1816	2481	ErmC_MLS
p_6360	1280	2832	VgaA_MLS
p_6371	1213	1944	ErmC_MLS
p_6374	1719	2450	ErmC_MLS
p_6376	3171	4728	VgaA_MLS
p_6399	15054	15961	Ant6-Ia_AGly
p_6399	13634	14426	Aph3-III_AGly
p_6399	9162	9897	ErmB_MLS
p_6399	14519	15057	Sat4A_AGly
p_6401	9163	10003	BlaZ_Bla
p_6402	7122	7605	LnuA_MLS
p_6403	15480	16940	MsrA_MLS
p_6406	166	1509	TetL_Tet
p_6409	413	894	LnuA_MLS
p_6410	26724	28086	TetK_Tet
p_6411	22238	23077	BlaZ_Bla
p_6415	1430	2160	ErmC_MLS
p_6419	6082	6918	Str_AGly
p_6419	18594	19432	Str_AGly
p_6420	8530	10072	VgaA_MLS
p_6421	1715	2396	ErmC_MLS
p_6422	1509	2279	AadD_AGly
p_6423	2838	3608	AadD_AGly
p_6423	3941	5312	TetL_Tet
p_6423	42767	43400	Far1_Fcd
p_6423	5616	6347	ErmC_MLS
p_6424	5034	5567	AadB_AGly
p_6428	35161	35694	AadB_AGly
p_6428	57772	58629	Aac3-IIa_AGly
p_6429	14369	15182	Aph3-Ib_AGly
p_6429	17862	18718	GES_Bla
p_6437	20774	21672	MphC_MLS
p_6437	19219	20676	MsrA_MLS
p_6438	41058	41663	AacAad_AGly
p_6438	32367	33225	SHV-OKP-LEN_Bla
p_6438	42563	43314	OXA-9_Bla
p_6438	41717	42518	AadA_AGly
p_6440	180256	181056	OXA-7_Bla
p_6440	176777	177615	SulI_Sul
p_6440	179670	180234	AacAad_AGly
p_6440	178147	179404	CmlA_Phe
p_6442	8286	9469	Tet-39_Tet
p_6443	16779	17618	BlaZ_Bla
p_6444	10518	11359	BlaZ_Bla
p_6447	584	1947	TetK_Tet
p_6450	43035	43892	TEM-1D_Bla
p_6450	46703	47572	CTX-M-1_Bla
p_6450	54966	55790	OXA-1_Bla
p_6450	54291	54836	CatBx_Phe
p_6450	41148	41799	Qnr-S_Flq
p_6450	55920	56435	AacAad_AGly
p_6450	62300	62952	CatA1_Phe
p_6450	52689	53537	Aac3-IIa_AGly
p_6452	14971	15865	MphC_MLS
p_6452	11385	12151	AadD_AGly
p_6452	13418	14873	MsrA_MLS
p_6453	473	1116	CatA_Phe
p_645	7076	8502	Aac6-Aph2_AGly
p_6462	112674	113509	StrB_AGly
p_6462	111874	112674	StrA_AGly
p_6463	550	1280	ErmC_MLS
p_6464	15272	16088	BlaZ_Bla
p_6465	2471	3832	TetK_Tet
p_6466	2479	3306	BlaZ_Bla
p_6471	60	803	AadD_AGly
p_647	5632	6402	AadD_AGly
p_648	1478	2119	CatA_Phe
p_650	39323	40162	BlaZ_Bla
p_651	1195	1926	ErmC_MLS
p_661	11180	12595	MsrA_MLS
p_662	19572	20410	BlaZ_Bla
p_665	6033	7486	MsrA_MLS
p_668	17991	18829	BlaZ_Bla
p_669	22117	23739	Mcr1_Colistin
p_66	3662	4193	AadB_AGly
p_672	74182	74980	AadA_AGly
p_672	52189	52660	DfrA1_Tmt
p_672	38410	39245	SulI_Sul
p_672	71731	72518	SulIII_Sul
p_672	68226	69036	Aph3''Ia_AGly
p_672	49796	51060	TetA_Tet
p_672	53692	54523	SulI_Sul
p_672	35714	36838	DHA_Bla
p_672	31001	31639	QnrB_Flq
p_673	6734	7918	Tet-39_Tet
p_690	36179	37006	OXA-1_Bla
p_690	41404	42198	OXA-48_Bla
p_690	37141	37771	CatBx_Phe
p_690	35532	36049	AacAad_AGly
p_697	35263	36097	StrB_AGly
p_697	34464	35263	StrA_AGly
p_699	616	1342	ErmB_MLS
p_6	10018	10871	GES_Bla
p_6	13537	14345	Aph3-Ib_AGly
p_709	27937	28587	CatA9_Phe
p_709	13571	14304	ErmB_MLS
p_709	6068	6802	ErmB_MLS
p_709	9819	10553	ErmB_MLS
p_709	17348	18144	LinB_MLS
p_709	2323	3055	ErmB_MLS
p_712	8170	8825	Qnr-S_Flq
p_713	11675	12329	Qnr-S_Flq
p_73	1993	2636	CatA_Phe
p_740	12017	13471	MsrA_MLS
p_741	3485	4383	MphC_MLS
p_741	4481	5931	MsrA_MLS
p_742	5834	7287	MsrA_MLS
p_742	995	1832	BlaZ_Bla
p_744	15047	15817	AadD_AGly
p_744	11940	12422	LnuA_MLS
p_744	19660	21082	Aac6-Aph2_AGly
p_744	5470	6308	BlaZ_Bla
p_752	16043	16947	MphA_MLS
p_752	98420	99278	SHV-OKP-LEN_Bla
p_753	100513	101314	StrA_AGly
p_753	101314	102148	StrB_AGly
p_753	103503	104359	TEM-1D_Bla
p_753	99641	100452	SulII_Sul
p_754	560	1328	AadD_AGly
p_756	1000	1634	CatA_Phe
p_757	1489	2851	TetK_Tet
p_765	1743	2450	ErmC_MLS
p_770	885	1616	ErmC_MLS
p_773	183	664	LnuA_MLS
p_780	8787	9691	Ant6-Ia_AGly
p_780	12897	13629	ErmB_MLS
p_780	7376	8163	Aph3-III_AGly
p_780	8253	8790	Sat4A_AGly
p_789	55	695	CatA_Phe
p_790	3491	4389	MphC_MLS
p_790	4487	5941	MsrA_MLS
p_793	10804	11287	DfrC_Tmt
p_793	13069	13908	BlaZ_Bla
p_794	7396	8820	Aac6-Aph2_AGly
p_804	20846	21753	Ant6-Ia_AGly
p_804	19428	20218	Aph3-III_AGly
p_804	24993	25726	ErmB_MLS
p_804	20311	20849	Sat4A_AGly
p_807	1169	1897	ErmC_MLS
p_814	5590	6429	BlaZ_Bla
p_815	3070	4437	TetK_Tet
p_818	2779	4322	VgaA_MLS
p_819	2531	3893	TetK_Tet
p_820	7231	8069	BlaZ_Bla
p_821	24651	25189	Sat4A_AGly
p_821	23770	24558	Aph3-III_AGly
p_821	13943	15489	VgaA_MLS
p_822	725	1455	ErmC_MLS
p_825	25875	27300	Aac6-Aph2_AGly
p_830	15292	16130	BlaZ_Bla
p_83	20393	21226	StrB_AGly
p_83	25600	26470	CTX-M-1_Bla
p_83	19594	20393	StrA_AGly
p_83	46785	48051	TetA_Tet
p_83	21935	22790	TEM-1D_Bla
p_83	42093	42917	OXA-1_Bla
p_83	41448	41963	AacAad_AGly
p_83	43043	43585	CatBx_Phe
p_83	56176	56848	QnrB_Flq
p_83	39611	40464	Aac3-IIa_AGly
p_83	35009	35475	DfrA5_Tmt
p_83	18733	19533	SulII_Sul
p_843	18432	19890	MsrA_MLS
p_84	18672	19498	OXA-1_Bla
p_84	13488	14280	OXA-48_Bla
p_84	17910	18539	CatBx_Phe
p_84	19628	20142	AacAad_AGly
p_856	19550	20441	MphC_MLS
p_856	17996	19452	MsrA_MLS
p_861	5188	6087	MphC_MLS
p_861	3632	5089	MsrA_MLS
p_86	45534	46007	DfrA1_Tmt
p_86	43510	44163	Qnr-S_Flq
p_86	69918	70715	AadA_AGly
p_86	76070	76881	Aph3''Ia_AGly
p_86	72379	73165	SulIII_Sul
p_86	47152	48418	TetA_Tet
p_86	65418	66621	FloR_Phe
p_872	1373	2103	ErmC_MLS
p_873	1838	2542	ErmC_MLS
p_893	2765	3598	StrB_AGly
p_893	3598	4397	StrA_AGly
p_895	71291	72092	StrA_AGly
p_895	70457	71291	StrB_AGly
p_900	36807	37645	SulI_Sul
p_900	40282	41081	OXA-7_Bla
p_900	39696	40260	AacAad_AGly
p_900	38176	39431	CmlA_Phe
p_902	2069	2712	CatA_Phe
p_907	16257	17154	MphC_MLS
p_907	17252	18705	MsrA_MLS
p_908	1783	2448	ErmC_MLS
p_91	5507	7064	VgaA_MLS
p_921	67040	67875	StrB_AGly
p_921	67875	68675	StrA_AGly
p_921	64828	65683	TEM-1D_Bla
p_921	68736	69547	SulII_Sul
p_923	70709	71613	MphA_MLS
p_923	274177	275035	SHV-OKP-LEN_Bla
p_924	25997	26529	AadB_AGly
p_924	2720	3575	Aac3-IIa_AGly
p_931	2395	3950	VgaA_MLS
p_932	13040	13941	MphC_MLS
p_932	11485	12941	MsrA_MLS
p_945	49797	50428	CatBx_Phe
p_945	50557	51383	OXA-1_Bla
p_945	45372	46165	OXA-48_Bla
p_945	51513	52030	AacAad_AGly
p_94	3669	5222	VgaA_MLS
p_951	2557	3916	TetK_Tet
p_951	6905	8244	TetK_Tet
p_952	4434	5857	Aac6-Aph2_AGly
p_957	53004	53284	SHV-OKP-LEN_Bla
p_957	70813	71093	SHV-OKP-LEN_Bla
p_957	21714	22342	CatBx_Phe
p_957	20385	21218	SulI_Sul
p_957	22753	23311	AacAad_AGly
p_957	52525	52995	SHV-OKP-LEN_Bla
p_957	70335	70804	SHV-OKP-LEN_Bla
p_95	23505	23988	DfrC_Tmt
p_95	20617	21457	BlaZ_Bla
p_962	36736	37366	CatBx_Phe
p_962	35777	36601	OXA-1_Bla
p_962	40992	41783	OXA-48_Bla
p_962	35134	35648	AacAad_AGly
p_976	2840	3610	AadD_AGly
p_976	16432	17797	TetK_Tet
p_977	2201	2846	CatA_Phe
p_978	20467	21365	MphC_MLS
p_978	21463	22920	MsrA_MLS
p_979	1522	2252	ErmC_MLS
p_980	14843	16271	Aac6-Aph2_AGly
p_983	409	1136	ErmC_MLS
p_994	18327	19224	MphC_MLS
p_994	16779	18229	MsrA_MLS
p_995	1733	2391	ErmC_MLS
p_9	13175	14071	MphC_MLS
p_9	14168	15612	MsrA_MLS
